  0
SECTION
  2
HEADER
  9
$ACADVER
  1
AC1014
  9
$ACADMAINTVER
 70
     9
  9
$DWGCODEPAGE
  3
ANSI_1252
  9
$INSBASE
 10
0.0
 20
0.0
 30
0.0
  9
$EXTMIN
 10
1.000000000000000E+20
 20
1.000000000000000E+20
 30
1.000000000000000E+20
  9
$EXTMAX
 10
-1.000000000000000E+20
 20
-1.000000000000000E+20
 30
-1.000000000000000E+20
  9
$LIMMIN
 10
0.0
 20
0.0
  9
$LIMMAX
 10
420.0
 20
297.0
  9
$ORTHOMODE
 70
     0
  9
$REGENMODE
 70
     1
  9
$FILLMODE
 70
     1
  9
$QTEXTMODE
 70
     0
  9
$MIRRTEXT
 70
     1
  9
$DRAGMODE
 70
     2
  9
$LTSCALE
 40
1.0
  9
$OSMODE
 70
    37
  9
$ATTMODE
 70
     1
  9
$TEXTSIZE
 40
2.5
  9
$TRACEWID
 40
1.0
  9
$TEXTSTYLE
  7
STANDARD
  9
$CLAYER
  8
0
  9
$CELTYPE
  6
BYLAYER
  9
$CECOLOR
 62
   256
  9
$CELTSCALE
 40
1.0
  9
$DELOBJ
 70
     1
  9
$DISPSILH
 70
     0
  9
$DIMSCALE
 40
1.0
  9
$DIMASZ
 40
2.5
  9
$DIMEXO
 40
0.625
  9
$DIMDLI
 40
3.75
  9
$DIMRND
 40
0.0
  9
$DIMDLE
 40
0.0
  9
$DIMEXE
 40
1.25
  9
$DIMTP
 40
0.0
  9
$DIMTM
 40
0.0
  9
$DIMTXT
 40
2.5
  9
$DIMCEN
 40
2.5
  9
$DIMTSZ
 40
0.0
  9
$DIMTOL
 70
     0
  9
$DIMLIM
 70
     0
  9
$DIMTIH
 70
     0
  9
$DIMTOH
 70
     0
  9
$DIMSE1
 70
     0
  9
$DIMSE2
 70
     0
  9
$DIMTAD
 70
     1
  9
$DIMZIN
 70
     8
  9
$DIMBLK
  1

  9
$DIMASO
 70
     1
  9
$DIMSHO
 70
     1
  9
$DIMPOST
  1

  9
$DIMAPOST
  1

  9
$DIMALT
 70
     0
  9
$DIMALTD
 70
     3
  9
$DIMALTF
 40
0.03937007874016
  9
$DIMLFAC
 40
1.0
  9
$DIMTOFL
 70
     1
  9
$DIMTVP
 40
0.0
  9
$DIMTIX
 70
     0
  9
$DIMSOXD
 70
     0
  9
$DIMSAH
 70
     0
  9
$DIMBLK1
  1

  9
$DIMBLK2
  1

  9
$DIMSTYLE
  2
ISO-25
  9
$DIMCLRD
 70
     0
  9
$DIMCLRE
 70
     0
  9
$DIMCLRT
 70
     0
  9
$DIMTFAC
 40
1.0
  9
$DIMGAP
 40
0.625
  9
$DIMJUST
 70
     0
  9
$DIMSD1
 70
     0
  9
$DIMSD2
 70
     0
  9
$DIMTOLJ
 70
     0
  9
$DIMTZIN
 70
     8
  9
$DIMALTZ
 70
     0
  9
$DIMALTTZ
 70
     0
  9
$DIMFIT
 70
     3
  9
$DIMUPT
 70
     0
  9
$DIMUNIT
 70
     2
  9
$DIMDEC
 70
     2
  9
$DIMTDEC
 70
     2
  9
$DIMALTU
 70
     2
  9
$DIMALTTD
 70
     3
  9
$DIMTXSTY
  7
STANDARD
  9
$DIMAUNIT
 70
     0
  9
$LUNITS
 70
     2
  9
$LUPREC
 70
     4
  9
$SKETCHINC
 40
1.0
  9
$FILLETRAD
 40
0.0
  9
$AUNITS
 70
     0
  9
$AUPREC
 70
     0
  9
$MENU
  1
.
  9
$ELEVATION
 40
0.0
  9
$PELEVATION
 40
0.0
  9
$THICKNESS
 40
0.0
  9
$LIMCHECK
 70
     0
  9
$CHAMFERA
 40
0.0
  9
$CHAMFERB
 40
0.0
  9
$CHAMFERC
 40
0.0
  9
$CHAMFERD
 40
0.0
  9
$SKPOLY
 70
     0
  9
$TDCREATE
 40
2461137.937650047
  9
$TDUPDATE
 40
2461137.937650197
  9
$TDINDWG
 40
0.0000000116
  9
$TDUSRTIMER
 40
0.0000000116
  9
$USRTIMER
 70
     1
  9
$ANGBASE
 50
0.0
  9
$ANGDIR
 70
     0
  9
$PDMODE
 70
     0
  9
$PDSIZE
 40
0.0
  9
$PLINEWID
 40
0.0
  9
$COORDS
 70
     1
  9
$SPLFRAME
 70
     0
  9
$SPLINETYPE
 70
     6
  9
$SPLINESEGS
 70
     8
  9
$ATTDIA
 70
     0
  9
$ATTREQ
 70
     1
  9
$HANDLING
 70
     1
  9
$HANDSEED
  5
100005FF
  9
$SURFTAB1
 70
     6
  9
$SURFTAB2
 70
     6
  9
$SURFTYPE
 70
     6
  9
$SURFU
 70
     6
  9
$SURFV
 70
     6
  9
$UCSNAME
  2

  9
$UCSORG
 10
0.0
 20
0.0
 30
0.0
  9
$UCSXDIR
 10
1.0
 20
0.0
 30
0.0
  9
$UCSYDIR
 10
0.0
 20
1.0
 30
0.0
  9
$PUCSNAME
  2

  9
$PUCSORG
 10
0.0
 20
0.0
 30
0.0
  9
$PUCSXDIR
 10
1.0
 20
0.0
 30
0.0
  9
$PUCSYDIR
 10
0.0
 20
1.0
 30
0.0
  9
$USERI1
 70
     0
  9
$USERI2
 70
     0
  9
$USERI3
 70
     0
  9
$USERI4
 70
     0
  9
$USERI5
 70
     0
  9
$USERR1
 40
0.0
  9
$USERR2
 40
0.0
  9
$USERR3
 40
0.0
  9
$USERR4
 40
0.0
  9
$USERR5
 40
0.0
  9
$WORLDVIEW
 70
     1
  9
$SHADEDGE
 70
     3
  9
$SHADEDIF
 70
    70
  9
$TILEMODE
 70
     1
  9
$MAXACTVP
 70
    64
  9
$PINSBASE
 10
0.0
 20
0.0
 30
0.0
  9
$PLIMCHECK
 70
     0
  9
$PEXTMIN
 10
1.000000000000000E+20
 20
1.000000000000000E+20
 30
1.000000000000000E+20
  9
$PEXTMAX
 10
-1.000000000000000E+20
 20
-1.000000000000000E+20
 30
-1.000000000000000E+20
  9
$PLIMMIN
 10
0.0
 20
0.0
  9
$PLIMMAX
 10
420.0
 20
297.0
  9
$UNITMODE
 70
     0
  9
$VISRETAIN
 70
     1
  9
$PLINEGEN
 70
     0
  9
$PSLTSCALE
 70
     1
  9
$TREEDEPTH
 70
  3020
  9
$PICKSTYLE
 70
     1
  9
$CMLSTYLE
  2
STANDARD
  9
$CMLJUST
 70
     0
  9
$CMLSCALE
 40
20.0
  9
$PROXYGRAPHICS
 70
     1
  9
$MEASUREMENT
 70
     1
  0
ENDSEC
  0
SECTION
  2
CLASSES
  0
CLASS
  1
ACDBDICTIONARYWDFLT
  2
AcDbDictionaryWithDefault
  3
ObjectDBX Classes
 90
        0
280
     0
281
     0
  0
CLASS
  1
VISUALSTYLE
  2
AcDbVisualStyle
  3
ObjectDBX Classes
 90
     4095
280
     0
281
     0
  0
CLASS
  1
MATERIAL
  2
AcDbMaterial
  3
ObjectDBX Classes
 90
     1153
280
     0
281
     0
  0
CLASS
  1
SCALE
  2
AcDbScale
  3
ObjectDBX Classes
 90
     1153
280
     0
281
     0
  0
CLASS
  1
TABLESTYLE
  2
AcDbTableStyle
  3
ObjectDBX Classes
 90
     4095
280
     0
281
     0
  0
CLASS
  1
MLEADERSTYLE
  2
AcDbMLeaderStyle
  3
ACDB_MLEADERSTYLE_CLASS
 90
     4095
280
     0
281
     0
  0
CLASS
  1
SUN
  2
AcDbSun
  3
SCENEOE
 90
     1153
280
     0
281
     0
  0
CLASS
  1
SORTENTSTABLE
  2
AcDbSortentsTable
  3
ObjectDBX Classes
 90
        0
280
     0
281
     0
  0
CLASS
  1
DICTIONARYVAR
  2
AcDbDictionaryVar
  3
ObjectDBX Classes
 90
        0
280
     0
281
     0
  0
CLASS
  1
XRECORD
  2
AcDbXrecord
  3
ObjectDBX Classes
 90
        0
280
     0
281
     0
  0
CLASS
  1
LWPOLYLINE
  2
AcDbPolyline
  3
ObjectDBX Classes
 90
        0
280
     0
281
     1
  0
CLASS
  1
HATCH
  2
AcDbHatch
  3
ObjectDBX Classes
 90
        0
280
     0
281
     1
  0
CLASS
  1
ACDBPLACEHOLDER
  2
AcDbPlaceHolder
  3
ObjectDBX Classes
 90
        0
280
     0
281
     0
  0
CLASS
  1
LAYOUT
  2
AcDbLayout
  3
ObjectDBX Classes
 90
        0
280
     0
281
     0
  0
ENDSEC
  0
SECTION
  2
TABLES
  0
TABLE
  2
VPORT
  5
8
102
{ACAD_XDICTIONARY
360
100005F4
102
}
330
0
100
AcDbSymbolTable
 70
     1
  0
VPORT
  5
29
330
8
100
AcDbSymbolTableRecord
100
AcDbViewportTableRecord
  2
*ACTIVE
 70
     0
 10
0.0
 20
0.0
 11
1.0
 21
1.0
 12
344.1869158878504
 22
148.5
 13
0.0
 23
0.0
 14
10.0
 24
10.0
 15
10.0
 25
10.0
 16
0.0
 26
0.0
 36
1.0
 17
0.0
 27
0.0
 37
0.0
 40
297.0
 41
1.972972972850329
 42
50.0
 43
0.0
 44
0.0
 50
0.0
 51
0.0
 71
     0
 72
   100
 73
     1
 74
     3
 75
     0
 76
     0
 77
     0
 78
     0
  0
ENDTAB
  0
TABLE
  2
LTYPE
  5
5
330
0
100
AcDbSymbolTable
 70
     7
  0
LTYPE
  5
14
330
5
100
AcDbSymbolTableRecord
100
AcDbLinetypeTableRecord
  2
BYBLOCK
 70
     0
  3

 72
    65
 73
     0
 40
0.0
  0
LTYPE
  5
15
330
5
100
AcDbSymbolTableRecord
100
AcDbLinetypeTableRecord
  2
BYLAYER
 70
     0
  3

 72
    65
 73
     0
 40
0.0
  0
LTYPE
  5
16
330
5
100
AcDbSymbolTableRecord
100
AcDbLinetypeTableRecord
  2
CONTINUOUS
 70
     0
  3
Solid line
 72
    65
 73
     0
 40
0.0
  0
LTYPE
  5
10000024
330
5
100
AcDbSymbolTableRecord
100
AcDbLinetypeTableRecord
  2
ONS_PHANTOM
 70
     0
  3
Onshape Phantom line ______ __ __ ______
 72
    65
 73
     6
 40
0.4999999999999999
 49
0.25
 74
     0
 49
-0.05
 74
     0
 49
0.05
 74
     0
 49
-0.05
 74
     0
 49
0.05
 74
     0
 49
-0.05
 74
     0
  0
LTYPE
  5
10000025
330
5
100
AcDbSymbolTableRecord
100
AcDbLinetypeTableRecord
  2
CENTER
 70
     0
  3
Center line ____ _ ____ _ ____ _
 72
    65
 73
     4
 40
0.7874015748031495
 49
0.4921259842519685
 74
     0
 49
-0.0984251968503937
 74
     0
 49
0.0984251968503937
 74
     0
 49
-0.0984251968503937
 74
     0
  0
LTYPE
  5
10000026
330
5
100
AcDbSymbolTableRecord
100
AcDbLinetypeTableRecord
  2
DASHED
 70
     0
  3
Dashed line __ __ __ __ __
 72
    65
 73
     2
 40
0.75
 49
0.5
 74
     0
 49
-0.25
 74
     0
  0
LTYPE
  5
10000027
330
5
100
AcDbSymbolTableRecord
100
AcDbLinetypeTableRecord
  2
ONS_DASHDOT
 70
     0
  3
Onshape Dashed with Dot _ . ____ . ____
 72
    65
 73
     4
 40
0.71
 49
0.5
 74
     0
 49
-0.1
 74
     0
 49
0.01
 74
     0
 49
-0.1
 74
     0
  0
LTYPE
  5
10000028
330
5
100
AcDbSymbolTableRecord
100
AcDbLinetypeTableRecord
  2
ONS_DOTTED
 70
     0
  3
Onshape Dotted line . . . . . . .
 72
    65
 73
     2
 40
0.11
 49
0.01
 74
     0
 49
-0.1
 74
     0
  0
LTYPE
  5
10000029
330
5
100
AcDbSymbolTableRecord
100
AcDbLinetypeTableRecord
  2
HIDDEN
 70
     0
  3
Hidden line ____ ____ ____ ____ 
 72
    65
 73
     2
 40
0.15
 49
0.1
 74
     0
 49
-0.05
 74
     0
  0
ENDTAB
  0
TABLE
  2
LAYER
  5
2
330
0
100
AcDbSymbolTable
 70
    48
  0
LAYER
  5
10
330
2
100
AcDbSymbolTableRecord
100
AcDbLayerTableRecord
  2
0
 70
     0
 62
     7
  6
CONTINUOUS
  0
LAYER
  5
1000002A
330
2
100
AcDbSymbolTableRecord
100
AcDbLayerTableRecord
  2
SECTION_CUTTING_LINE
 70
     0
 62
     7
  6
ONS_DASHDOT
  0
LAYER
  5
1000002B
330
2
100
AcDbSymbolTableRecord
100
AcDbLayerTableRecord
  2
DETAIL_VIEW_BORDER
 70
     0
 62
     7
  6
CONTINUOUS
  0
LAYER
  5
1000002C
330
2
100
AcDbSymbolTableRecord
100
AcDbLayerTableRecord
  2
DETAIL_VIEW_PARENT_BORDER
 70
     0
 62
     7
  6
ONS_PHANTOM
  0
LAYER
  5
1000002D
330
2
100
AcDbSymbolTableRecord
100
AcDbLayerTableRecord
  2
TEXT
 70
     0
 62
     7
  6
CONTINUOUS
  0
LAYER
  5
1000002E
330
2
100
AcDbSymbolTableRecord
100
AcDbLayerTableRecord
  2
SKETCHED_GEOMETRY
 70
     0
 62
    -7
  6
CONTINUOUS
  0
LAYER
  5
1000002F
330
2
100
AcDbSymbolTableRecord
100
AcDbLayerTableRecord
  2
VIRTUAL_SHARPS
 70
     0
 62
    -7
  6
CONTINUOUS
  0
LAYER
  5
10000030
330
2
100
AcDbSymbolTableRecord
100
AcDbLayerTableRecord
  2
CENTERLINES
 70
     0
 62
    -7
  6
CENTER
  0
LAYER
  5
10000031
330
2
100
AcDbSymbolTableRecord
100
AcDbLayerTableRecord
  2
CENTERMARKS
 70
     0
 62
    -7
  6
CONTINUOUS
  0
LAYER
  5
10000032
330
2
100
AcDbSymbolTableRecord
100
AcDbLayerTableRecord
  2
TABLES
 70
     0
 62
     7
  6
CONTINUOUS
  0
LAYER
  5
10000033
330
2
100
AcDbSymbolTableRecord
100
AcDbLayerTableRecord
  2
IMAGES
 70
     0
 62
    -7
  6
CONTINUOUS
  0
LAYER
  5
10000034
330
2
100
AcDbSymbolTableRecord
100
AcDbLayerTableRecord
  2
ANNOTATION_LINES
 70
     0
 62
    -7
  6
CONTINUOUS
  0
LAYER
  5
10000035
330
2
100
AcDbSymbolTableRecord
100
AcDbLayerTableRecord
  2
ANNOTATION_TEXT
 70
     0
 62
    -7
  6
CONTINUOUS
  0
LAYER
  5
10000036
330
2
100
AcDbSymbolTableRecord
100
AcDbLayerTableRecord
  2
SIDE_THREAD_SYMBOLS
 70
     0
 62
     7
  6
CONTINUOUS
  0
LAYER
  5
10000037
330
2
100
AcDbSymbolTableRecord
100
AcDbLayerTableRecord
  2
SIDE_THREAD_SYMBOLS_HIDDEN
 70
     0
 62
    -7
  6
HIDDEN
  0
LAYER
  5
10000038
330
2
100
AcDbSymbolTableRecord
100
AcDbLayerTableRecord
  2
SURFACE_THREAD_SYMBOLS
 70
     0
 62
     7
  6
CONTINUOUS
  0
LAYER
  5
10000039
330
2
100
AcDbSymbolTableRecord
100
AcDbLayerTableRecord
  2
SURFACE_THREAD_SYMBOLS_ON_
 70
     0
 62
     7
  6
CONTINUOUS
  0
LAYER
  5
1000003A
330
2
100
AcDbSymbolTableRecord
100
AcDbLayerTableRecord
  2
SURFACE_THREAD_SYMBOLS_HID
 70
     0
 62
    -7
  6
HIDDEN
  0
LAYER
  5
1000003B
330
2
100
AcDbSymbolTableRecord
100
AcDbLayerTableRecord
  2
BLIND_THREAD_SYMBOLS
 70
     0
 62
     7
  6
CONTINUOUS
  0
LAYER
  5
1000003C
330
2
100
AcDbSymbolTableRecord
100
AcDbLayerTableRecord
  2
BLIND_THREAD_SYMBOLS_HIDDE
 70
     0
 62
    -7
  6
HIDDEN
  0
LAYER
  5
1000003D
330
2
100
AcDbSymbolTableRecord
100
AcDbLayerTableRecord
  2
EXPLODE_LINES
 70
     0
 62
     7
  6
ONS_PHANTOM
  0
LAYER
  5
1000003E
330
2
100
AcDbSymbolTableRecord
100
AcDbLayerTableRecord
  2
HIDDEN_EXPLODE_LINES
 70
     0
 62
    -7
  6
ONS_PHANTOM
  0
LAYER
  5
1000003F
330
2
100
AcDbSymbolTableRecord
100
AcDbLayerTableRecord
  2
BREAK_LINES
 70
     0
 62
    -7
  6
CONTINUOUS
  0
LAYER
  5
10000040
330
2
100
AcDbSymbolTableRecord
100
AcDbLayerTableRecord
  2
SHEETMETAL_BEND_LINES_UP
 70
     0
 62
     7
  6
CENTER
  0
LAYER
  5
10000041
330
2
100
AcDbSymbolTableRecord
100
AcDbLayerTableRecord
  2
SHEETMETAL_BEND_LINES_DOWN
 70
     0
 62
     7
  6
CENTER
  0
LAYER
  5
10000042
330
2
100
AcDbSymbolTableRecord
100
AcDbLayerTableRecord
  2
SHEETMETAL_BEND_TANGENT_LI
 70
     0
 62
     7
  6
CONTINUOUS
  0
LAYER
  5
10000043
330
2
100
AcDbSymbolTableRecord
100
AcDbLayerTableRecord
  2
SHEETMETAL_CUT_LINES
 70
     0
 62
     7
  6
CONTINUOUS
  0
LAYER
  5
10000044
330
2
100
AcDbSymbolTableRecord
100
AcDbLayerTableRecord
  2
SHEETMETAL_CBORE_CSINK_UP
 70
     0
 62
     7
  6
CONTINUOUS
  0
LAYER
  5
10000045
330
2
100
AcDbSymbolTableRecord
100
AcDbLayerTableRecord
  2
SHEETMETAL_CBORE_CSINK_DOW
 70
     0
 62
     7
  6
CONTINUOUS
  0
LAYER
  5
10000046
330
2
100
AcDbSymbolTableRecord
100
AcDbLayerTableRecord
  2
SHEETMETAL_CBORE_CSINK_UP_
 70
     0
 62
    -7
  6
HIDDEN
  0
LAYER
  5
10000047
330
2
100
AcDbSymbolTableRecord
100
AcDbLayerTableRecord
  2
SHEETMETAL_CBORE_CSINK_DO0
 70
     0
 62
    -7
  6
HIDDEN
  0
LAYER
  5
10000048
330
2
100
AcDbSymbolTableRecord
100
AcDbLayerTableRecord
  2
SHEETMETAL_FORM_TEAR
 70
     0
 62
     7
  6
CONTINUOUS
  0
LAYER
  5
10000049
330
2
100
AcDbSymbolTableRecord
100
AcDbLayerTableRecord
  2
SHEETMETAL_FORM_UP
 70
     0
 62
     7
  6
CENTER
  0
LAYER
  5
1000004A
330
2
100
AcDbSymbolTableRecord
100
AcDbLayerTableRecord
  2
SHEETMETAL_FORM_DOWN
 70
     0
 62
     7
  6
CENTER
  0
LAYER
  5
1000004B
330
2
100
AcDbSymbolTableRecord
100
AcDbLayerTableRecord
  2
SHEETMETAL_FORM_CENTERMARK
 70
     0
 62
     7
  6
CENTER
  0
LAYER
  5
1000004C
330
2
100
AcDbSymbolTableRecord
100
AcDbLayerTableRecord
  2
REGION_ASSOC_POINTS
 70
     0
 62
    -7
  6
CONTINUOUS
  0
LAYER
  5
1000004D
330
2
100
AcDbSymbolTableRecord
100
AcDbLayerTableRecord
  2
PATTERN_CENTERLINES
 70
     1
 62
    -7
  6
CENTER
  0
LAYER
  5
1000004E
330
2
100
AcDbSymbolTableRecord
100
AcDbLayerTableRecord
  2
HIDDEN
 70
     0
 62
    -7
  6
HIDDEN
  0
LAYER
  5
1000004F
330
2
100
AcDbSymbolTableRecord
100
AcDbLayerTableRecord
  2
VISIBLE
 70
     0
 62
     7
  6
CONTINUOUS
  0
LAYER
  5
10000050
330
2
100
AcDbSymbolTableRecord
100
AcDbLayerTableRecord
  2
MODELSKETCH_VISIBLE
 70
     0
 62
     7
  6
CONTINUOUS
  0
LAYER
  5
10000051
330
2
100
AcDbSymbolTableRecord
100
AcDbLayerTableRecord
  2
MODELSKETCH_POINT
 70
     0
 62
     7
  6
CONTINUOUS
  0
LAYER
  5
10000052
330
2
100
AcDbSymbolTableRecord
100
AcDbLayerTableRecord
  2
MODELSKETCH_CONSTRUCTION
 70
     0
 62
    -7
  6
CENTER
  0
LAYER
  5
10000053
330
2
100
AcDbSymbolTableRecord
100
AcDbLayerTableRecord
  2
HIDDEN_BASE_VIEW
 70
     0
 62
     7
  6
CONTINUOUS
  0
LAYER
  5
10000054
330
2
100
AcDbSymbolTableRecord
100
AcDbLayerTableRecord
  2
TANGENT_LINES
 70
     0
 62
    -7
  6
CONTINUOUS
  0
LAYER
  5
10000055
330
2
100
AcDbSymbolTableRecord
100
AcDbLayerTableRecord
  2
TANGENT_HIDDEN
 70
     0
 62
    -7
  6
HIDDEN
  0
LAYER
  5
10000056
330
2
100
AcDbSymbolTableRecord
100
AcDbLayerTableRecord
  2
INVISIBLE_LINES
 70
     0
 62
    -7
  6
CONTINUOUS
  0
LAYER
  5
10000057
330
2
100
AcDbSymbolTableRecord
100
AcDbLayerTableRecord
  2
VIEW_HATCHES
 70
     0
 62
    -7
  6
CONTINUOUS
  0
LAYER
  5
10000058
330
2
100
AcDbSymbolTableRecord
100
AcDbLayerTableRecord
  2
SECTION_JOG_LINES
 70
     0
 62
    -7
  6
CONTINUOUS
  0
ENDTAB
  0
TABLE
  2
STYLE
  5
3
330
0
100
AcDbSymbolTable
 70
     2
  0
STYLE
  5
11
330
3
100
AcDbSymbolTableRecord
100
AcDbTextStyleTableRecord
  2
STANDARD
 70
     0
 40
0.0
 41
1.0
 50
0.0
 71
     0
 42
2.5
  3
txt
  4

  0
STYLE
  5
10000004
330
3
100
AcDbSymbolTableRecord
100
AcDbTextStyleTableRecord
  2
TTFSTYLE
 70
     0
 40
0.0
 41
1.0
 50
0.0
 71
     0
 42
2.5
  3

  4

1001
ACAD
1000
Verdana
1071
       34
  0
ENDTAB
  0
TABLE
  2
VIEW
  5
6
330
0
100
AcDbSymbolTable
 70
     0
  0
ENDTAB
  0
TABLE
  2
UCS
  5
7
330
0
100
AcDbSymbolTable
 70
     0
  0
ENDTAB
  0
TABLE
  2
APPID
  5
9
330
0
100
AcDbSymbolTable
 70
     2
  0
APPID
  5
12
330
9
100
AcDbSymbolTableRecord
100
AcDbRegAppTableRecord
  2
ACAD
 70
     0
  0
APPID
  5
100005FE
330
9
100
AcDbSymbolTableRecord
100
AcDbRegAppTableRecord
  2
ACAD_MLEADERVER
 70
     0
  0
ENDTAB
  0
TABLE
  2
DIMSTYLE
  5
A
330
0
100
AcDbSymbolTable
 70
     1
  0
DIMSTYLE
105
27
330
A
100
AcDbSymbolTableRecord
100
AcDbDimStyleTableRecord
  2
ISO-25
 70
     0
  3

  4

  5

  6

  7

 40
1.0
 41
2.5
 42
0.625
 43
3.75
 44
1.25
 45
0.0
 46
0.0
 47
0.0
 48
0.0
140
2.5
141
2.5
142
0.0
143
0.03937007874016
144
1.0
145
0.0
146
1.0
147
0.625
 71
     0
 72
     0
 73
     0
 74
     0
 75
     0
 76
     0
 77
     1
 78
     8
170
     0
171
     3
172
     1
173
     0
174
     0
175
     0
176
     0
177
     0
178
     0
270
     2
271
     2
272
     2
273
     2
274
     3
340
11
275
     0
280
     0
281
     0
282
     0
283
     0
284
     8
285
     0
286
     0
287
     3
288
     0
  0
ENDTAB
  0
TABLE
  2
BLOCK_RECORD
  5
1
330
0
100
AcDbSymbolTable
 70
     0
  0
BLOCK_RECORD
  5
1F
102
{ACAD_XDICTIONARY
360
100005C5
102
}
330
1
100
AcDbSymbolTableRecord
100
AcDbBlockTableRecord
  2
*MODEL_SPACE
  0
BLOCK_RECORD
  5
1B
330
1
100
AcDbSymbolTableRecord
100
AcDbBlockTableRecord
  2
*PAPER_SPACE
  0
ENDTAB
  0
ENDSEC
  0
SECTION
  2
BLOCKS
  0
BLOCK
  5
20
330
1F
100
AcDbEntity
  8
0
100
AcDbBlockBegin
  2
*MODEL_SPACE
 70
     0
 10
0.0
 20
0.0
 30
0.0
  3
*MODEL_SPACE
  1

  0
ENDBLK
  5
21
330
1F
100
AcDbEntity
  8
0
100
AcDbBlockEnd
  0
BLOCK
  5
1C
330
1B
100
AcDbEntity
 67
     1
  8
0
100
AcDbBlockBegin
  2
*PAPER_SPACE
 70
     0
 10
0.0
 20
0.0
 30
0.0
  3
*PAPER_SPACE
  1

  0
ENDBLK
  5
1D
330
1B
100
AcDbEntity
 67
     1
  8
0
100
AcDbBlockEnd
  0
ENDSEC
  0
SECTION
  2
ENTITIES
  0
ARC
  5
10000059
102
{ACAD_XDICTIONARY
360
1000005A
102
}
330
1F
100
AcDbEntity
  8
MODELSKETCH_VISIBLE
100
AcDbCircle
 10
-10.10000000000002
 20
2.700000000000022
 30
0.0
 40
1.05
100
AcDbArc
 50
180.0
 51
0.0
  0
LINE
  5
1000005D
102
{ACAD_XDICTIONARY
360
1000005E
102
}
330
1F
100
AcDbEntity
  8
MODELSKETCH_VISIBLE
100
AcDbLine
 10
-9.05000000000002
 20
2.70000000000002
 30
0.0
 11
-9.05000000000002
 21
3.700000000000023
 31
0.0
  0
ARC
  5
10000061
102
{ACAD_XDICTIONARY
360
10000062
102
}
330
1F
100
AcDbEntity
  8
MODELSKETCH_VISIBLE
100
AcDbCircle
 10
-10.10000000000002
 20
3.700000000000397
 30
0.0
 40
1.05
100
AcDbArc
 50
0.0
 51
179.9999999999796
  0
ARC
  5
10000065
102
{ACAD_XDICTIONARY
360
10000066
102
}
330
1F
100
AcDbEntity
  8
MODELSKETCH_VISIBLE
100
AcDbCircle
 10
3.099999999999984
 20
2.700000000000771
 30
0.0
 40
1.05
100
AcDbArc
 50
180.0000000000001
 51
0.0
  0
LINE
  5
10000069
102
{ACAD_XDICTIONARY
360
1000006A
102
}
330
1F
100
AcDbEntity
  8
MODELSKETCH_VISIBLE
100
AcDbLine
 10
2.049999999999985
 20
2.700000000000769
 30
0.0
 11
2.049999999999986
 21
3.699999808927537
 31
0.0
  0
ARC
  5
1000006D
102
{ACAD_XDICTIONARY
360
1000006E
102
}
330
1F
100
AcDbEntity
  8
MODELSKETCH_VISIBLE
100
AcDbCircle
 10
3.099999999999961
 20
3.699999808927538
 30
0.0
 40
1.05
100
AcDbArc
 50
0.0
 51
180.0000000000001
  0
LINE
  5
10000071
102
{ACAD_XDICTIONARY
360
10000072
102
}
330
1F
100
AcDbEntity
  8
MODELSKETCH_VISIBLE
100
AcDbLine
 10
21.15
 20
2.700000000000013
 30
0.0
 11
21.15
 21
3.700000000000037
 31
0.0
  0
LINE
  5
10000075
102
{ACAD_XDICTIONARY
360
10000076
102
}
330
1F
100
AcDbEntity
  8
MODELSKETCH_VISIBLE
100
AcDbLine
 10
19.04999999999999
 20
2.700000000000834
 30
0.0
 11
19.04999999999999
 21
3.700000000000037
 31
0.0
  0
CIRCLE
  5
10000079
102
{ACAD_XDICTIONARY
360
1000007A
102
}
330
1F
100
AcDbEntity
  8
MODELSKETCH_VISIBLE
100
AcDbCircle
 10
10.09999999999802
 20
4.900000000000754
 30
0.0
 40
1.9
  0
CIRCLE
  5
1000007D
102
{ACAD_XDICTIONARY
360
1000007E
102
}
330
1F
100
AcDbEntity
  8
MODELSKETCH_VISIBLE
100
AcDbCircle
 10
-30.00000000000367
 20
-44.49999999999873
 30
0.0
 40
1.9
  0
CIRCLE
  5
10000081
102
{ACAD_XDICTIONARY
360
10000082
102
}
330
1F
100
AcDbEntity
  8
MODELSKETCH_VISIBLE
100
AcDbCircle
 10
-16.48670925106109
 20
19.5321063989132
 30
0.0
 40
0.7999999999999763
  0
CIRCLE
  5
10000085
102
{ACAD_XDICTIONARY
360
10000086
102
}
330
1F
100
AcDbEntity
  8
MODELSKETCH_VISIBLE
100
AcDbCircle
 10
23.2632907489184
 20
-6.467893601087098
 30
0.0
 40
1.899999999999897
  0
CIRCLE
  5
10000089
102
{ACAD_XDICTIONARY
360
1000008A
102
}
330
1F
100
AcDbEntity
  8
MODELSKETCH_VISIBLE
100
AcDbCircle
 10
-23.23670925107774
 20
-16.46789360108705
 30
0.0
 40
1.899999999999897
  0
CIRCLE
  5
1000008D
102
{ACAD_XDICTIONARY
360
1000008E
102
}
330
1F
100
AcDbEntity
  8
MODELSKETCH_VISIBLE
100
AcDbCircle
 10
23.2632907489184
 20
-26.46789360108709
 30
0.0
 40
1.899999999999897
  0
CIRCLE
  5
10000091
102
{ACAD_XDICTIONARY
360
10000092
102
}
330
1F
100
AcDbEntity
  8
MODELSKETCH_VISIBLE
100
AcDbCircle
 10
23.2632907489184
 20
23.53210639891291
 30
0.0
 40
1.899999999999897
  0
CIRCLE
  5
10000095
102
{ACAD_XDICTIONARY
360
10000096
102
}
330
1F
100
AcDbEntity
  8
MODELSKETCH_VISIBLE
100
AcDbCircle
 10
-39.50000000000001
 20
-45.00000000000001
 30
0.0
 40
1.300000000000002
  0
CIRCLE
  5
10000099
102
{ACAD_XDICTIONARY
360
1000009A
102
}
330
1F
100
AcDbEntity
  8
MODELSKETCH_VISIBLE
100
AcDbCircle
 10
23.2632907489184
 20
-36.46789360108711
 30
0.0
 40
1.899999999999897
  0
LINE
  5
1000009D
102
{ACAD_XDICTIONARY
360
1000009E
102
}
330
1F
100
AcDbEntity
  8
MODELSKETCH_VISIBLE
100
AcDbLine
 10
-37.50000000000002
 20
6.000000000000004
 30
0.0
 11
-37.50000000000002
 21
-5.999999999999996
 31
0.0
  0
CIRCLE
  5
100000A1
102
{ACAD_XDICTIONARY
360
100000A2
102
}
330
1F
100
AcDbEntity
  8
MODELSKETCH_VISIBLE
100
AcDbCircle
 10
-39.50000000000001
 20
45.00000000000001
 30
0.0
 40
1.300000000000002
  0
LINE
  5
100000A5
102
{ACAD_XDICTIONARY
360
100000A6
102
}
330
1F
100
AcDbEntity
  8
MODELSKETCH_VISIBLE
100
AcDbLine
 10
37.50000000000001
 20
8.000000000000004
 30
0.0
 11
27.50000000000001
 21
8.000000000000004
 31
0.0
  0
CIRCLE
  5
100000A9
102
{ACAD_XDICTIONARY
360
100000AA
102
}
330
1F
100
AcDbEntity
  8
MODELSKETCH_VISIBLE
100
AcDbCircle
 10
30.01329074893263
 20
44.53210639891612
 30
0.0
 40
1.899999999999951
  0
CIRCLE
  5
100000AD
102
{ACAD_XDICTIONARY
360
100000AE
102
}
330
1F
100
AcDbEntity
  8
MODELSKETCH_VISIBLE
100
AcDbCircle
 10
39.50000000000001
 20
15.00000000000001
 30
0.0
 40
1.300000000000002
  0
ARC
  5
100000B1
102
{ACAD_XDICTIONARY
360
100000B2
102
}
330
1F
100
AcDbEntity
  8
MODELSKETCH_VISIBLE
100
AcDbCircle
 10
27.09999999999758
 20
4.900000000000754
 30
0.0
 40
1.9
100
AcDbArc
 50
73.63698061516739
 51
282.1531974690828
  0
CIRCLE
  5
100000B5
102
{ACAD_XDICTIONARY
360
100000B6
102
}
330
1F
100
AcDbEntity
  8
MODELSKETCH_VISIBLE
100
AcDbCircle
 10
23.26329074893132
 20
24.53210639891613
 30
0.0
 40
1.899999999999949
  0
ARC
  5
100000B9
102
{ACAD_XDICTIONARY
360
100000BA
102
}
330
1F
100
AcDbEntity
  8
MODELSKETCH_VISIBLE
100
AcDbCircle
 10
29.50000000000001
 20
6.000000000000004
 30
0.0
 40
2.0
100
AcDbArc
 50
90.0
 51
180.0
  0
LINE
  5
100000BD
102
{ACAD_XDICTIONARY
360
100000BE
102
}
330
1F
100
AcDbEntity
  8
MODELSKETCH_VISIBLE
100
AcDbLine
 10
37.50000000000001
 20
-7.999999999999996
 30
0.0
 11
27.50000000000001
 21
-7.999999999999996
 31
0.0
  0
CIRCLE
  5
100000C1
102
{ACAD_XDICTIONARY
360
100000C2
102
}
330
1F
100
AcDbEntity
  8
MODELSKETCH_VISIBLE
100
AcDbCircle
 10
-39.50000000000001
 20
-15.00000000000001
 30
0.0
 40
1.300000000000002
  0
CIRCLE
  5
100000C5
102
{ACAD_XDICTIONARY
360
100000C6
102
}
330
1F
100
AcDbEntity
  8
MODELSKETCH_VISIBLE
100
AcDbCircle
 10
23.26329074893131
 20
34.53210639891613
 30
0.0
 40
1.899999999999949
  0
CIRCLE
  5
100000C9
102
{ACAD_XDICTIONARY
360
100000CA
102
}
330
1F
100
AcDbEntity
  8
MODELSKETCH_VISIBLE
100
AcDbCircle
 10
-23.23670925107774
 20
-6.467893601087057
 30
0.0
 40
1.899999999999897
  0
ARC
  5
100000CD
102
{ACAD_XDICTIONARY
360
100000CE
102
}
330
1F
100
AcDbEntity
  8
MODELSKETCH_VISIBLE
100
AcDbCircle
 10
-39.49999999999999
 20
-48.0
 30
0.0
 40
2.0
100
AcDbArc
 50
180.0
 51
270.0
  0
CIRCLE
  5
100000D1
102
{ACAD_XDICTIONARY
360
100000D2
102
}
330
1F
100
AcDbEntity
  8
MODELSKETCH_VISIBLE
100
AcDbCircle
 10
-23.23670925106669
 20
-24.8678936010839
 30
0.0
 40
1.899999999999949
  0
CIRCLE
  5
100000D5
102
{ACAD_XDICTIONARY
360
100000D6
102
}
330
1F
100
AcDbEntity
  8
MODELSKETCH_VISIBLE
100
AcDbCircle
 10
23.26329074893137
 20
-34.86789360108389
 30
0.0
 40
1.899999999999949
  0
CIRCLE
  5
100000D9
102
{ACAD_XDICTIONARY
360
100000DA
102
}
330
1F
100
AcDbEntity
  8
MODELSKETCH_VISIBLE
100
AcDbCircle
 10
-23.23670925106668
 20
-34.86789360108389
 30
0.0
 40
1.899999999999949
  0
LINE
  5
100000DD
102
{ACAD_XDICTIONARY
360
100000DE
102
}
330
1F
100
AcDbEntity
  8
MODELSKETCH_VISIBLE
100
AcDbLine
 10
39.50000000000001
 20
-50.0
 30
0.0
 11
-39.49999999999999
 21
-50.0
 31
0.0
  0
ARC
  5
100000E1
102
{ACAD_XDICTIONARY
360
100000E2
102
}
330
1F
100
AcDbEntity
  8
MODELSKETCH_VISIBLE
100
AcDbCircle
 10
-12.98670925106734
 20
-48.11789360108386
 30
0.0
 40
1.899999999999969
100
AcDbArc
 50
277.8695723536818
 51
262.1304276463181
  0
CIRCLE
  5
100000E5
102
{ACAD_XDICTIONARY
360
100000E6
102
}
330
1F
100
AcDbEntity
  8
MODELSKETCH_VISIBLE
100
AcDbCircle
 10
-23.24999999999801
 20
4.899999999999974
 30
0.0
 40
1.899999999999949
  0
ARC
  5
100000E9
102
{ACAD_XDICTIONARY
360
100000EA
102
}
330
1F
100
AcDbEntity
  8
MODELSKETCH_VISIBLE
100
AcDbCircle
 10
-29.98670925106663
 20
-48.11789360108386
 30
0.0
 40
1.899999999999969
100
AcDbArc
 50
277.8695723536817
 51
262.1304276463181
  0
CIRCLE
  5
100000ED
102
{ACAD_XDICTIONARY
360
100000EE
102
}
330
1F
100
AcDbEntity
  8
MODELSKETCH_VISIBLE
100
AcDbCircle
 10
-12.98670925105952
 20
43.53210639891356
 30
0.0
 40
1.9
  0
CIRCLE
  5
100000F1
102
{ACAD_XDICTIONARY
360
100000F2
102
}
330
1F
100
AcDbEntity
  8
MODELSKETCH_VISIBLE
100
AcDbCircle
 10
-23.249999999998
 20
-45.10000000000003
 30
0.0
 40
1.899999999999949
  0
ARC
  5
100000F5
102
{ACAD_XDICTIONARY
360
100000F6
102
}
330
1F
100
AcDbEntity
  8
MODELSKETCH_VISIBLE
100
AcDbCircle
 10
-35.50000000000001
 20
6.000000000000004
 30
0.0
 40
2.0
100
AcDbArc
 50
90.0
 51
180.0
  0
CIRCLE
  5
100000F9
102
{ACAD_XDICTIONARY
360
100000FA
102
}
330
1F
100
AcDbEntity
  8
MODELSKETCH_VISIBLE
100
AcDbCircle
 10
23.25000000000005
 20
-35.10000000000001
 30
0.0
 40
1.899999999999949
  0
CIRCLE
  5
100000FD
102
{ACAD_XDICTIONARY
360
100000FE
102
}
330
1F
100
AcDbEntity
  8
MODELSKETCH_VISIBLE
100
AcDbCircle
 10
23.25000000000003
 20
34.89999999999998
 30
0.0
 40
1.899999999999949
  0
CIRCLE
  5
10000101
102
{ACAD_XDICTIONARY
360
10000102
102
}
330
1F
100
AcDbEntity
  8
MODELSKETCH_VISIBLE
100
AcDbCircle
 10
23.25000000000003
 20
24.89999999999998
 30
0.0
 40
1.899999999999949
  0
ARC
  5
10000105
102
{ACAD_XDICTIONARY
360
10000106
102
}
330
1F
100
AcDbEntity
  8
MODELSKETCH_VISIBLE
100
AcDbCircle
 10
-10.10000000000015
 20
-7.300000000000022
 30
0.0
 40
1.05
100
AcDbArc
 50
180.0
 51
0.0
  0
ARC
  5
10000109
102
{ACAD_XDICTIONARY
360
1000010A
102
}
330
1F
100
AcDbEntity
  8
MODELSKETCH_VISIBLE
100
AcDbCircle
 10
-35.50000000000001
 20
-5.999999999999996
 30
0.0
 40
2.0
100
AcDbArc
 50
180.0
 51
270.0
  0
CIRCLE
  5
1000010D
102
{ACAD_XDICTIONARY
360
1000010E
102
}
330
1F
100
AcDbEntity
  8
MODELSKETCH_VISIBLE
100
AcDbCircle
 10
-23.23670925107774
 20
-26.46789360108706
 30
0.0
 40
1.899999999999897
  0
ARC
  5
10000111
102
{ACAD_XDICTIONARY
360
10000112
102
}
330
1F
100
AcDbEntity
  8
MODELSKETCH_VISIBLE
100
AcDbCircle
 10
35.50000000000001
 20
-5.999999999999996
 30
0.0
 40
2.0
100
AcDbArc
 50
270.0
 51
0.0
  0
LINE
  5
10000115
102
{ACAD_XDICTIONARY
360
10000116
102
}
330
1F
100
AcDbEntity
  8
MODELSKETCH_VISIBLE
100
AcDbLine
 10
22.20000000000002
 20
-24.29999999999999
 30
0.0
 11
22.20000000000002
 21
-25.3
 31
0.0
  0
LINE
  5
10000119
102
{ACAD_XDICTIONARY
360
1000011A
102
}
330
1F
100
AcDbEntity
  8
MODELSKETCH_VISIBLE
100
AcDbLine
 10
35.50000000000001
 20
8.000000000000004
 30
0.0
 11
29.50000000000001
 21
8.000000000000004
 31
0.0
  0
CIRCLE
  5
1000011D
102
{ACAD_XDICTIONARY
360
1000011E
102
}
330
1F
100
AcDbEntity
  8
MODELSKETCH_VISIBLE
100
AcDbCircle
 10
-23.25000000000278
 20
-35.09999999999989
 30
0.0
 40
1.899999999999965
  0
LINE
  5
10000121
102
{ACAD_XDICTIONARY
360
10000122
102
}
330
1F
100
AcDbEntity
  8
MODELSKETCH_VISIBLE
100
AcDbLine
 10
-37.50000000000002
 20
6.000000000000004
 30
0.0
 11
-37.50000000000002
 21
-5.999999999999996
 31
0.0
  0
CIRCLE
  5
10000125
102
{ACAD_XDICTIONARY
360
10000126
102
}
330
1F
100
AcDbEntity
  8
MODELSKETCH_VISIBLE
100
AcDbCircle
 10
-23.23670925105879
 20
-16.46789360108627
 30
0.0
 40
1.899999999999948
  0
LINE
  5
10000129
102
{ACAD_XDICTIONARY
360
1000012A
102
}
330
1F
100
AcDbEntity
  8
MODELSKETCH_VISIBLE
100
AcDbLine
 10
-41.49999999999999
 20
48.0
 30
0.0
 11
-41.49999999999999
 21
-48.0
 31
0.0
  0
CIRCLE
  5
1000012D
102
{ACAD_XDICTIONARY
360
1000012E
102
}
330
1F
100
AcDbEntity
  8
MODELSKETCH_VISIBLE
100
AcDbCircle
 10
-29.99999999999991
 20
-44.49999999999977
 30
0.0
 40
1.9
  0
CIRCLE
  5
10000131
102
{ACAD_XDICTIONARY
360
10000132
102
}
330
1F
100
AcDbEntity
  8
MODELSKETCH_VISIBLE
100
AcDbCircle
 10
-23.24999999999802
 20
34.89999999999998
 30
0.0
 40
1.899999999999949
  0
ARC
  5
10000135
102
{ACAD_XDICTIONARY
360
10000136
102
}
330
1F
100
AcDbEntity
  8
MODELSKETCH_VISIBLE
100
AcDbCircle
 10
29.99999999999703
 20
48.15000000000126
 30
0.0
 40
1.899999999999965
100
AcDbArc
 50
103.173551107421
 51
76.82644889257901
  0
ARC
  5
10000139
102
{ACAD_XDICTIONARY
360
1000013A
102
}
330
1F
100
AcDbEntity
  8
MODELSKETCH_VISIBLE
100
AcDbCircle
 10
-35.50000000000001
 20
6.000000000000004
 30
0.0
 40
2.0
100
AcDbArc
 50
90.0
 51
180.0
  0
CIRCLE
  5
1000013D
102
{ACAD_XDICTIONARY
360
1000013E
102
}
330
1F
100
AcDbEntity
  8
MODELSKETCH_VISIBLE
100
AcDbCircle
 10
16.51329074893748
 20
-20.46789360108684
 30
0.0
 40
0.7999999999999763
  0
CIRCLE
  5
10000141
102
{ACAD_XDICTIONARY
360
10000142
102
}
330
1F
100
AcDbEntity
  8
MODELSKETCH_VISIBLE
100
AcDbCircle
 10
-39.50000000000001
 20
15.00000000000001
 30
0.0
 40
1.300000000000002
  0
LINE
  5
10000145
102
{ACAD_XDICTIONARY
360
10000146
102
}
330
1F
100
AcDbEntity
  8
MODELSKETCH_VISIBLE
100
AcDbLine
 10
-35.50000000000001
 20
-7.999999999999996
 30
0.0
 11
-29.50000000000001
 21
-7.999999999999996
 31
0.0
  0
CIRCLE
  5
10000149
102
{ACAD_XDICTIONARY
360
1000014A
102
}
330
1F
100
AcDbEntity
  8
MODELSKETCH_VISIBLE
100
AcDbCircle
 10
23.24999999999921
 20
-35.09999999999873
 30
0.0
 40
1.9
  0
LINE
  5
1000014D
102
{ACAD_XDICTIONARY
360
1000014E
102
}
330
1F
100
AcDbEntity
  8
MODELSKETCH_VISIBLE
100
AcDbLine
 10
27.50000000000001
 20
6.000000000000003
 30
0.0
 11
27.50000000000001
 21
-5.999999999999996
 31
0.0
  0
CIRCLE
  5
10000151
102
{ACAD_XDICTIONARY
360
10000152
102
}
330
1F
100
AcDbEntity
  8
MODELSKETCH_VISIBLE
100
AcDbCircle
 10
23.2632907489205
 20
13.53210639891206
 30
0.0
 40
1.899999999999895
  0
CIRCLE
  5
10000155
102
{ACAD_XDICTIONARY
360
10000156
102
}
330
1F
100
AcDbEntity
  8
MODELSKETCH_VISIBLE
100
AcDbCircle
 10
-23.23670925107774
 20
-46.46789360108708
 30
0.0
 40
1.899999999999897
  0
ARC
  5
10000159
102
{ACAD_XDICTIONARY
360
1000015A
102
}
330
1F
100
AcDbEntity
  8
MODELSKETCH_VISIBLE
100
AcDbCircle
 10
29.50000000000001
 20
6.000000000000004
 30
0.0
 40
2.0
100
AcDbArc
 50
90.0
 51
180.0
  0
CIRCLE
  5
1000015D
102
{ACAD_XDICTIONARY
360
1000015E
102
}
330
1F
100
AcDbEntity
  8
MODELSKETCH_VISIBLE
100
AcDbCircle
 10
23.24999999999917
 20
-24.49999999999839
 30
0.0
 40
1.9
  0
LINE
  5
10000161
102
{ACAD_XDICTIONARY
360
10000162
102
}
330
1F
100
AcDbEntity
  8
MODELSKETCH_VISIBLE
100
AcDbLine
 10
-35.50000000000001
 20
-7.999999999999996
 30
0.0
 11
-29.50000000000001
 21
-7.999999999999996
 31
0.0
  0
CIRCLE
  5
10000165
102
{ACAD_XDICTIONARY
360
10000166
102
}
330
1F
100
AcDbEntity
  8
MODELSKETCH_VISIBLE
100
AcDbCircle
 10
29.99999999999925
 20
-44.49999999999772
 30
0.0
 40
1.9
  0
CIRCLE
  5
10000169
102
{ACAD_XDICTIONARY
360
1000016A
102
}
330
1F
100
AcDbEntity
  8
MODELSKETCH_VISIBLE
100
AcDbCircle
 10
23.26329074893928
 20
-16.46789360108644
 30
0.0
 40
1.899999999999948
  0
ARC
  5
1000016D
102
{ACAD_XDICTIONARY
360
1000016E
102
}
330
1F
100
AcDbEntity
  8
MODELSKETCH_VISIBLE
100
AcDbCircle
 10
-39.49999999999999
 20
-48.0
 30
0.0
 40
2.0
100
AcDbArc
 50
180.0
 51
270.0
  0
LINE
  5
10000171
102
{ACAD_XDICTIONARY
360
10000172
102
}
330
1F
100
AcDbEntity
  8
MODELSKETCH_VISIBLE
100
AcDbLine
 10
-26.05000000000003
 20
2.70000000000002
 30
0.0
 11
-26.05000000000003
 21
3.700000000000416
 31
0.0
  0
LINE
  5
10000175
102
{ACAD_XDICTIONARY
360
10000176
102
}
330
1F
100
AcDbEntity
  8
MODELSKETCH_VISIBLE
100
AcDbLine
 10
-41.49999999999999
 20
48.0
 30
0.0
 11
-41.49999999999999
 21
-48.0
 31
0.0
  0
CIRCLE
  5
10000179
102
{ACAD_XDICTIONARY
360
1000017A
102
}
330
1F
100
AcDbEntity
  8
MODELSKETCH_VISIBLE
100
AcDbCircle
 10
13.01329074892013
 20
43.53210639891296
 30
0.0
 40
1.899999999999899
  0
ARC
  5
1000017D
102
{ACAD_XDICTIONARY
360
1000017E
102
}
330
1F
100
AcDbEntity
  8
MODELSKETCH_VISIBLE
100
AcDbCircle
 10
-13.00000000000103
 20
48.15000000000283
 30
0.0
 40
1.9
100
AcDbArc
 50
103.1735511076329
 51
76.82644889236707
  0
ARC
  5
10000181
102
{ACAD_XDICTIONARY
360
10000182
102
}
330
1F
100
AcDbEntity
  8
MODELSKETCH_VISIBLE
100
AcDbCircle
 10
-29.50000000000001
 20
-5.999999999999996
 30
0.0
 40
2.0
100
AcDbArc
 50
270.0
 51
0.0
  0
CIRCLE
  5
10000185
102
{ACAD_XDICTIONARY
360
10000186
102
}
330
1F
100
AcDbEntity
  8
MODELSKETCH_VISIBLE
100
AcDbCircle
 10
-23.25000000000004
 20
-26.58461179679777
 30
0.0
 40
1.9
  0
CIRCLE
  5
10000189
102
{ACAD_XDICTIONARY
360
1000018A
102
}
330
1F
100
AcDbEntity
  8
MODELSKETCH_VISIBLE
100
AcDbCircle
 10
30.01329074891874
 20
43.53210639891296
 30
0.0
 40
1.899999999999899
  0
ARC
  5
1000018D
102
{ACAD_XDICTIONARY
360
1000018E
102
}
330
1F
100
AcDbEntity
  8
MODELSKETCH_VISIBLE
100
AcDbCircle
 10
-23.24999999999998
 20
-34.3
 30
0.0
 40
1.049999999999999
100
AcDbArc
 50
0.0
 51
180.0
  0
CIRCLE
  5
10000191
102
{ACAD_XDICTIONARY
360
10000192
102
}
330
1F
100
AcDbEntity
  8
MODELSKETCH_VISIBLE
100
AcDbCircle
 10
23.24999999999999
 20
-16.58461179679776
 30
0.0
 40
1.9
  0
CIRCLE
  5
10000195
102
{ACAD_XDICTIONARY
360
10000196
102
}
330
1F
100
AcDbEntity
  8
MODELSKETCH_VISIBLE
100
AcDbCircle
 10
-23.23670925106674
 20
34.53210639891612
 30
0.0
 40
1.899999999999949
  0
ARC
  5
10000199
102
{ACAD_XDICTIONARY
360
1000019A
102
}
330
1F
100
AcDbEntity
  8
MODELSKETCH_VISIBLE
100
AcDbCircle
 10
-27.10000000000002
 20
2.700000000000022
 30
0.0
 40
1.049999999999999
100
AcDbArc
 50
247.6073121945991
 51
0.0
  0
CIRCLE
  5
1000019D
102
{ACAD_XDICTIONARY
360
1000019E
102
}
330
1F
100
AcDbEntity
  8
MODELSKETCH_VISIBLE
100
AcDbCircle
 10
-23.23670925107774
 20
23.53210639891297
 30
0.0
 40
1.899999999999897
  0
LINE
  5
100001A1
102
{ACAD_XDICTIONARY
360
100001A2
102
}
330
1F
100
AcDbEntity
  8
MODELSKETCH_VISIBLE
100
AcDbLine
 10
2.049999999999853
 20
-7.300000000000105
 30
0.0
 11
2.049999999999854
 21
-6.300000191072505
 31
0.0
  0
CIRCLE
  5
100001A5
102
{ACAD_XDICTIONARY
360
100001A6
102
}
330
1F
100
AcDbEntity
  8
MODELSKETCH_VISIBLE
100
AcDbCircle
 10
-23.25000000000241
 20
-36.49999999999983
 30
0.0
 40
1.9
  0
CIRCLE
  5
100001A9
102
{ACAD_XDICTIONARY
360
100001AA
102
}
330
1F
100
AcDbEntity
  8
MODELSKETCH_VISIBLE
100
AcDbCircle
 10
-23.249999999998
 20
-15.10000000000003
 30
0.0
 40
1.899999999999949
  0
CIRCLE
  5
100001AD
102
{ACAD_XDICTIONARY
360
100001AE
102
}
330
1F
100
AcDbEntity
  8
MODELSKETCH_VISIBLE
100
AcDbCircle
 10
-23.24999999999802
 20
24.89999999999998
 30
0.0
 40
1.899999999999949
  0
ARC
  5
100001B1
102
{ACAD_XDICTIONARY
360
100001B2
102
}
330
1F
100
AcDbEntity
  8
MODELSKETCH_VISIBLE
100
AcDbCircle
 10
-29.50000000000001
 20
6.000000000000004
 30
0.0
 40
2.0
100
AcDbArc
 50
0.0
 51
90.0
  0
ARC
  5
100001B5
102
{ACAD_XDICTIONARY
360
100001B6
102
}
330
1F
100
AcDbEntity
  8
MODELSKETCH_VISIBLE
100
AcDbCircle
 10
23.25000000000002
 20
-34.3
 30
0.0
 40
1.049999999999999
100
AcDbArc
 50
0.0
 51
180.0
  0
ARC
  5
100001B9
102
{ACAD_XDICTIONARY
360
100001BA
102
}
330
1F
100
AcDbEntity
  8
MODELSKETCH_VISIBLE
100
AcDbCircle
 10
20.09999999999999
 20
2.700000000000424
 30
0.0
 40
1.049999999999999
100
AcDbArc
 50
179.9999999999777
 51
0.0
  0
CIRCLE
  5
100001BD
102
{ACAD_XDICTIONARY
360
100001BE
102
}
330
1F
100
AcDbEntity
  8
MODELSKETCH_VISIBLE
100
AcDbCircle
 10
39.50000000000001
 20
-15.00000000000001
 30
0.0
 40
1.300000000000002
  0
ARC
  5
100001C1
102
{ACAD_XDICTIONARY
360
100001C2
102
}
330
1F
100
AcDbEntity
  8
MODELSKETCH_VISIBLE
100
AcDbCircle
 10
29.99999999999983
 20
48.1500000000025
 30
0.0
 40
1.9
100
AcDbArc
 50
103.1735511075889
 51
76.82644889241112
  0
CIRCLE
  5
100001C5
102
{ACAD_XDICTIONARY
360
100001C6
102
}
330
1F
100
AcDbEntity
  8
MODELSKETCH_VISIBLE
100
AcDbCircle
 10
23.25000000000006
 20
-45.1
 30
0.0
 40
1.899999999999949
  0
LINE
  5
100001C9
102
{ACAD_XDICTIONARY
360
100001CA
102
}
330
1F
100
AcDbEntity
  8
MODELSKETCH_VISIBLE
100
AcDbLine
 10
41.50000000000001
 20
48.0
 30
0.0
 11
41.50000000000001
 21
-48.0
 31
0.0
  0
CIRCLE
  5
100001CD
102
{ACAD_XDICTIONARY
360
100001CE
102
}
330
1F
100
AcDbEntity
  8
MODELSKETCH_VISIBLE
100
AcDbCircle
 10
-23.25000000000278
 20
-15.09999999999963
 30
0.0
 40
1.899999999999965
  0
CIRCLE
  5
100001D1
102
{ACAD_XDICTIONARY
360
100001D2
102
}
330
1F
100
AcDbEntity
  8
MODELSKETCH_VISIBLE
100
AcDbCircle
 10
39.50000000000001
 20
-45.00000000000001
 30
0.0
 40
1.300000000000002
  0
ARC
  5
100001D5
102
{ACAD_XDICTIONARY
360
100001D6
102
}
330
1F
100
AcDbEntity
  8
MODELSKETCH_VISIBLE
100
AcDbCircle
 10
27.09999999999758
 20
-5.099999999999511
 30
0.0
 40
1.9
100
AcDbArc
 50
77.84680253091713
 51
288.8258434806255
  0
CIRCLE
  5
100001D9
102
{ACAD_XDICTIONARY
360
100001DA
102
}
330
1F
100
AcDbEntity
  8
MODELSKETCH_VISIBLE
100
AcDbCircle
 10
-12.98670925106799
 20
44.53210639891614
 30
0.0
 40
1.899999999999969
  0
LINE
  5
100001DD
102
{ACAD_XDICTIONARY
360
100001DE
102
}
330
1F
100
AcDbEntity
  8
MODELSKETCH_VISIBLE
100
AcDbLine
 10
39.50000000000001
 20
-50.0
 30
0.0
 11
-39.49999999999999
 21
-50.0
 31
0.0
  0
CIRCLE
  5
100001E1
102
{ACAD_XDICTIONARY
360
100001E2
102
}
330
1F
100
AcDbEntity
  8
MODELSKETCH_VISIBLE
100
AcDbCircle
 10
12.99999999999828
 20
-44.49999999999995
 30
0.0
 40
1.899999999999966
  0
CIRCLE
  5
100001E5
102
{ACAD_XDICTIONARY
360
100001E6
102
}
330
1F
100
AcDbEntity
  8
MODELSKETCH_VISIBLE
100
AcDbCircle
 10
29.99999999999743
 20
43.49999999999998
 30
0.0
 40
1.9
  0
CIRCLE
  5
100001E9
102
{ACAD_XDICTIONARY
360
100001EA
102
}
330
1F
100
AcDbEntity
  8
MODELSKETCH_VISIBLE
100
AcDbCircle
 10
-16.48670925106111
 20
-20.46789360108681
 30
0.0
 40
0.7999999999999763
  0
LINE
  5
100001ED
102
{ACAD_XDICTIONARY
360
100001EE
102
}
330
1F
100
AcDbEntity
  8
MODELSKETCH_VISIBLE
100
AcDbLine
 10
4.999999999999766
 20
-40.00000000000002
 30
0.0
 11
-5.00000000000025
 21
-40.00000000000002
 31
0.0
  0
CIRCLE
  5
100001F1
102
{ACAD_XDICTIONARY
360
100001F2
102
}
330
1F
100
AcDbEntity
  8
MODELSKETCH_VISIBLE
100
AcDbCircle
 10
-23.23670925107774
 20
-36.46789360108707
 30
0.0
 40
1.899999999999897
  0
LINE
  5
100001F5
102
{ACAD_XDICTIONARY
360
100001F6
102
}
330
1F
100
AcDbEntity
  8
MODELSKETCH_VISIBLE
100
AcDbLine
 10
35.50000000000001
 20
-7.999999999999996
 30
0.0
 11
29.50000000000001
 21
-7.999999999999996
 31
0.0
  0
CIRCLE
  5
100001F9
102
{ACAD_XDICTIONARY
360
100001FA
102
}
330
1F
100
AcDbEntity
  8
MODELSKETCH_VISIBLE
100
AcDbCircle
 10
39.50000000000001
 20
-45.00000000000001
 30
0.0
 40
1.300000000000002
  0
LINE
  5
100001FD
102
{ACAD_XDICTIONARY
360
100001FE
102
}
330
1F
100
AcDbEntity
  8
MODELSKETCH_VISIBLE
100
AcDbLine
 10
-22.19999999999999
 20
-34.3
 30
0.0
 11
-22.19999999999999
 21
-35.3
 31
0.0
  0
CIRCLE
  5
10000201
102
{ACAD_XDICTIONARY
360
10000202
102
}
330
1F
100
AcDbEntity
  8
MODELSKETCH_VISIBLE
100
AcDbCircle
 10
-29.98670925106729
 20
44.53210639891614
 30
0.0
 40
1.899999999999969
  0
CIRCLE
  5
10000205
102
{ACAD_XDICTIONARY
360
10000206
102
}
330
1F
100
AcDbEntity
  8
MODELSKETCH_VISIBLE
100
AcDbCircle
 10
23.24999999999752
 20
-36.50000000000004
 30
0.0
 40
1.9
  0
LINE
  5
10000209
102
{ACAD_XDICTIONARY
360
1000020A
102
}
330
1F
100
AcDbEntity
  8
MODELSKETCH_VISIBLE
100
AcDbLine
 10
-9.050000000000152
 20
-7.300000000000018
 30
0.0
 11
-9.050000000000152
 21
-6.300000000000022
 31
0.0
  0
CIRCLE
  5
1000020D
102
{ACAD_XDICTIONARY
360
1000020E
102
}
330
1F
100
AcDbEntity
  8
MODELSKETCH_VISIBLE
100
AcDbCircle
 10
-23.25000000000241
 20
13.49999999999991
 30
0.0
 40
1.9
  0
CIRCLE
  5
10000211
102
{ACAD_XDICTIONARY
360
10000212
102
}
330
1F
100
AcDbEntity
  8
MODELSKETCH_VISIBLE
100
AcDbCircle
 10
-23.23670925105879
 20
13.53210639891371
 30
0.0
 40
1.899999999999948
  0
CIRCLE
  5
10000215
102
{ACAD_XDICTIONARY
360
10000216
102
}
330
1F
100
AcDbEntity
  8
MODELSKETCH_VISIBLE
100
AcDbCircle
 10
23.25000000000004
 20
-5.100000000000008
 30
0.0
 40
1.899999999999949
  0
CIRCLE
  5
10000219
102
{ACAD_XDICTIONARY
360
1000021A
102
}
330
1F
100
AcDbEntity
  8
MODELSKETCH_VISIBLE
100
AcDbCircle
 10
12.99999999999741
 20
43.49999999999991
 30
0.0
 40
1.9
  0
CIRCLE
  5
1000021D
102
{ACAD_XDICTIONARY
360
1000021E
102
}
330
1F
100
AcDbEntity
  8
MODELSKETCH_VISIBLE
100
AcDbCircle
 10
-23.23670925107774
 20
13.53210639891296
 30
0.0
 40
1.899999999999897
  0
CIRCLE
  5
10000221
102
{ACAD_XDICTIONARY
360
10000222
102
}
330
1F
100
AcDbEntity
  8
MODELSKETCH_VISIBLE
100
AcDbCircle
 10
-39.50000000000001
 20
15.00000000000001
 30
0.0
 40
1.300000000000002
  0
CIRCLE
  5
10000225
102
{ACAD_XDICTIONARY
360
10000226
102
}
330
1F
100
AcDbEntity
  8
MODELSKETCH_VISIBLE
100
AcDbCircle
 10
-23.249999999998
 20
-35.10000000000004
 30
0.0
 40
1.899999999999949
  0
ARC
  5
10000229
102
{ACAD_XDICTIONARY
360
1000022A
102
}
330
1F
100
AcDbEntity
  8
MODELSKETCH_VISIBLE
100
AcDbCircle
 10
-39.49999999999999
 20
48.0
 30
0.0
 40
2.0
100
AcDbArc
 50
90.0
 51
180.0
  0
CIRCLE
  5
1000022D
102
{ACAD_XDICTIONARY
360
1000022E
102
}
330
1F
100
AcDbEntity
  8
MODELSKETCH_VISIBLE
100
AcDbCircle
 10
23.24999999999998
 20
-26.58461179679777
 30
0.0
 40
1.9
  0
ARC
  5
10000231
102
{ACAD_XDICTIONARY
360
10000232
102
}
330
1F
100
AcDbEntity
  8
MODELSKETCH_VISIBLE
100
AcDbCircle
 10
-27.10000000000002
 20
3.700000000000418
 30
0.0
 40
1.049999999999999
100
AcDbArc
 50
0.0
 51
112.392687805401
  0
CIRCLE
  5
10000235
102
{ACAD_XDICTIONARY
360
10000236
102
}
330
1F
100
AcDbEntity
  8
MODELSKETCH_VISIBLE
100
AcDbCircle
 10
23.24999999999921
 20
14.90000000000292
 30
0.0
 40
1.9
  0
CIRCLE
  5
10000239
102
{ACAD_XDICTIONARY
360
1000023A
102
}
330
1F
100
AcDbEntity
  8
MODELSKETCH_VISIBLE
100
AcDbCircle
 10
-23.24999999999801
 20
-5.100000000000035
 30
0.0
 40
1.899999999999949
  0
LINE
  5
1000023D
102
{ACAD_XDICTIONARY
360
1000023E
102
}
330
1F
100
AcDbEntity
  8
MODELSKETCH_VISIBLE
100
AcDbLine
 10
27.50000000000001
 20
6.000000000000003
 30
0.0
 11
27.50000000000001
 21
-5.999999999999996
 31
0.0
  0
CIRCLE
  5
10000241
102
{ACAD_XDICTIONARY
360
10000242
102
}
330
1F
100
AcDbEntity
  8
MODELSKETCH_VISIBLE
100
AcDbCircle
 10
-13.0000000000026
 20
43.49999999999998
 30
0.0
 40
1.9
  0
SPLINE
  5
10000245
102
{ACAD_XDICTIONARY
360
10000246
102
}
330
1F
100
AcDbEntity
  8
MODELSKETCH_VISIBLE
100
AcDbSpline
210
0.0
220
0.0
230
1.0
 70
    12
 71
     3
 72
     8
 73
     4
 74
     0
 42
0.0000000001
 43
0.00000001
 40
0.0
 40
0.0
 40
0.0
 40
0.0
 40
1.0
 40
1.0
 40
1.0
 40
1.0
 10
24.30000000000001
 20
-35.3
 30
0.0
 41
1.0
 10
24.29999979421217
 20
-37.39999958842429
 30
0.0
 41
0.3333333986628211
 10
22.20000020578787
 20
-37.39999958842429
 30
0.0
 41
0.3333333986628211
 10
22.20000000000002
 20
-35.3
 30
0.0
 41
1.0
  0
ARC
  5
10000249
102
{ACAD_XDICTIONARY
360
1000024A
102
}
330
1F
100
AcDbEntity
  8
MODELSKETCH_VISIBLE
100
AcDbCircle
 10
29.50000000000001
 20
-5.999999999999996
 30
0.0
 40
2.0
100
AcDbArc
 50
180.0
 51
270.0
  0
CIRCLE
  5
1000024D
102
{ACAD_XDICTIONARY
360
1000024E
102
}
330
1F
100
AcDbEntity
  8
MODELSKETCH_VISIBLE
100
AcDbCircle
 10
23.26329074892132
 20
-6.467893601087948
 30
0.0
 40
1.899999999999895
  0
ARC
  5
10000251
102
{ACAD_XDICTIONARY
360
10000252
102
}
330
1F
100
AcDbEntity
  8
MODELSKETCH_VISIBLE
100
AcDbCircle
 10
3.099999999999852
 20
-7.300000000000105
 30
0.0
 40
1.05
100
AcDbArc
 50
180.0
 51
0.0
  0
CIRCLE
  5
10000255
102
{ACAD_XDICTIONARY
360
10000256
102
}
330
1F
100
AcDbEntity
  8
MODELSKETCH_VISIBLE
100
AcDbCircle
 10
23.25000000000005
 20
-25.1
 30
0.0
 40
1.899999999999949
  0
LINE
  5
10000259
102
{ACAD_XDICTIONARY
360
1000025A
102
}
330
1F
100
AcDbEntity
  8
MODELSKETCH_VISIBLE
100
AcDbLine
 10
41.50000000000001
 20
48.0
 30
0.0
 11
41.50000000000001
 21
-48.0
 31
0.0
  0
CIRCLE
  5
1000025D
102
{ACAD_XDICTIONARY
360
1000025E
102
}
330
1F
100
AcDbEntity
  8
MODELSKETCH_VISIBLE
100
AcDbCircle
 10
-23.23670925105879
 20
-26.46789360108628
 30
0.0
 40
1.899999999999948
  0
CIRCLE
  5
10000261
102
{ACAD_XDICTIONARY
360
10000262
102
}
330
1F
100
AcDbEntity
  8
MODELSKETCH_VISIBLE
100
AcDbCircle
 10
-30.00000000000258
 20
43.49999999999991
 30
0.0
 40
1.9
  0
LINE
  5
10000265
102
{ACAD_XDICTIONARY
360
10000266
102
}
330
1F
100
AcDbEntity
  8
MODELSKETCH_VISIBLE
100
AcDbLine
 10
37.50000000000002
 20
6.000000000000004
 30
0.0
 11
37.50000000000002
 21
-5.999999999999996
 31
0.0
  0
CIRCLE
  5
10000269
102
{ACAD_XDICTIONARY
360
1000026A
102
}
330
1F
100
AcDbEntity
  8
MODELSKETCH_VISIBLE
100
AcDbCircle
 10
-23.23670925105878
 20
-46.46789360108627
 30
0.0
 40
1.899999999999948
  0
LINE
  5
1000026D
102
{ACAD_XDICTIONARY
360
1000026E
102
}
330
1F
100
AcDbEntity
  8
MODELSKETCH_VISIBLE
100
AcDbLine
 10
39.50000000000001
 20
50.0
 30
0.0
 11
-39.49999999999999
 21
50.0
 31
0.0
  0
CIRCLE
  5
10000271
102
{ACAD_XDICTIONARY
360
10000272
102
}
330
1F
100
AcDbEntity
  8
MODELSKETCH_VISIBLE
100
AcDbCircle
 10
23.2632907489184
 20
3.532106398912925
 30
0.0
 40
1.899999999999897
  0
CIRCLE
  5
10000275
102
{ACAD_XDICTIONARY
360
10000276
102
}
330
1F
100
AcDbEntity
  8
MODELSKETCH_VISIBLE
100
AcDbCircle
 10
39.50000000000001
 20
45.00000000000001
 30
0.0
 40
1.300000000000002
  0
ARC
  5
10000279
102
{ACAD_XDICTIONARY
360
1000027A
102
}
330
1F
100
AcDbEntity
  8
MODELSKETCH_VISIBLE
100
AcDbCircle
 10
-35.50000000000001
 20
-5.999999999999996
 30
0.0
 40
2.0
100
AcDbArc
 50
180.0
 51
270.0
  0
CIRCLE
  5
1000027D
102
{ACAD_XDICTIONARY
360
1000027E
102
}
330
1F
100
AcDbEntity
  8
MODELSKETCH_VISIBLE
100
AcDbCircle
 10
-23.25000000000044
 20
-14.49999999999788
 30
0.0
 40
1.9
  0
CIRCLE
  5
10000281
102
{ACAD_XDICTIONARY
360
10000282
102
}
330
1F
100
AcDbEntity
  8
MODELSKETCH_VISIBLE
100
AcDbCircle
 10
-23.23670925105879
 20
-6.467893601086265
 30
0.0
 40
1.899999999999948
  0
CIRCLE
  5
10000285
102
{ACAD_XDICTIONARY
360
10000286
102
}
330
1F
100
AcDbEntity
  8
MODELSKETCH_VISIBLE
100
AcDbCircle
 10
23.25000000000005
 20
-15.1
 30
0.0
 40
1.899999999999949
  0
CIRCLE
  5
10000289
102
{ACAD_XDICTIONARY
360
1000028A
102
}
330
1F
100
AcDbEntity
  8
MODELSKETCH_VISIBLE
100
AcDbCircle
 10
-23.25000000000241
 20
23.49999999999986
 30
0.0
 40
1.9
  0
LINE
  5
1000028D
102
{ACAD_XDICTIONARY
360
1000028E
102
}
330
1F
100
AcDbEntity
  8
MODELSKETCH_VISIBLE
100
AcDbLine
 10
4.999999999999766
 20
-46.00000000000002
 30
0.0
 11
-5.000000000000254
 21
-46.00000000000002
 31
0.0
  0
LINE
  5
10000291
102
{ACAD_XDICTIONARY
360
10000292
102
}
330
1F
100
AcDbEntity
  8
MODELSKETCH_VISIBLE
100
AcDbLine
 10
35.50000000000001
 20
-7.999999999999996
 30
0.0
 11
29.50000000000001
 21
-7.999999999999996
 31
0.0
  0
CIRCLE
  5
10000295
102
{ACAD_XDICTIONARY
360
10000296
102
}
330
1F
100
AcDbEntity
  8
MODELSKETCH_VISIBLE
100
AcDbCircle
 10
39.50000000000001
 20
15.00000000000001
 30
0.0
 40
1.300000000000002
  0
CIRCLE
  5
10000299
102
{ACAD_XDICTIONARY
360
1000029A
102
}
330
1F
100
AcDbEntity
  8
MODELSKETCH_VISIBLE
100
AcDbCircle
 10
-23.249999999998
 20
-25.10000000000003
 30
0.0
 40
1.899999999999949
  0
ARC
  5
1000029D
102
{ACAD_XDICTIONARY
360
1000029E
102
}
330
1F
100
AcDbEntity
  8
MODELSKETCH_VISIBLE
100
AcDbCircle
 10
4.99999999999989
 20
42.49999999999997
 30
0.0
 40
2.500000000000002
100
AcDbArc
 50
0.0
 51
90.0
  0
CIRCLE
  5
100002A1
102
{ACAD_XDICTIONARY
360
100002A2
102
}
330
1F
100
AcDbEntity
  8
MODELSKETCH_VISIBLE
100
AcDbCircle
 10
-23.25000000000241
 20
33.49999999999979
 30
0.0
 40
1.9
  0
CIRCLE
  5
100002A5
102
{ACAD_XDICTIONARY
360
100002A6
102
}
330
1F
100
AcDbEntity
  8
MODELSKETCH_VISIBLE
100
AcDbCircle
 10
23.26329074893928
 20
13.53210639891357
 30
0.0
 40
1.899999999999948
  0
LINE
  5
100002A9
102
{ACAD_XDICTIONARY
360
100002AA
102
}
330
1F
100
AcDbEntity
  8
MODELSKETCH_VISIBLE
100
AcDbLine
 10
-41.49999999999999
 20
-48.0
 30
0.0
 11
-41.49999999999999
 21
48.0
 31
0.0
  0
ARC
  5
100002AD
102
{ACAD_XDICTIONARY
360
100002AE
102
}
330
1F
100
AcDbEntity
  8
MODELSKETCH_VISIBLE
100
AcDbCircle
 10
35.50000000000001
 20
6.000000000000004
 30
0.0
 40
2.0
100
AcDbArc
 50
0.0
 51
90.0
  0
CIRCLE
  5
100002B1
102
{ACAD_XDICTIONARY
360
100002B2
102
}
330
1F
100
AcDbEntity
  8
MODELSKETCH_VISIBLE
100
AcDbCircle
 10
-23.2367092510588
 20
23.53210639891372
 30
0.0
 40
1.899999999999948
  0
CIRCLE
  5
100002B5
102
{ACAD_XDICTIONARY
360
100002B6
102
}
330
1F
100
AcDbEntity
  8
MODELSKETCH_VISIBLE
100
AcDbCircle
 10
23.25000000000004
 20
4.900000000000001
 30
0.0
 40
1.899999999999949
  0
CIRCLE
  5
100002B9
102
{ACAD_XDICTIONARY
360
100002BA
102
}
330
1F
100
AcDbEntity
  8
MODELSKETCH_VISIBLE
100
AcDbCircle
 10
23.24999999999752
 20
33.49999999999998
 30
0.0
 40
1.9
  0
LINE
  5
100002BD
102
{ACAD_XDICTIONARY
360
100002BE
102
}
330
1F
100
AcDbEntity
  8
MODELSKETCH_VISIBLE
100
AcDbLine
 10
-11.15000000000002
 20
2.700000000000022
 30
0.0
 11
-11.15000000000002
 21
3.700000000000772
 31
0.0
  0
CIRCLE
  5
100002C1
102
{ACAD_XDICTIONARY
360
100002C2
102
}
330
1F
100
AcDbEntity
  8
MODELSKETCH_VISIBLE
100
AcDbCircle
 10
23.26329074893928
 20
23.53210639891358
 30
0.0
 40
1.899999999999948
  0
ARC
  5
100002C5
102
{ACAD_XDICTIONARY
360
100002C6
102
}
330
1F
100
AcDbEntity
  8
MODELSKETCH_VISIBLE
100
AcDbCircle
 10
4.999999999999888
 20
41.49999999999996
 30
0.0
 40
2.499999999999998
100
AcDbArc
 50
270.0
 51
0.0
  0
CIRCLE
  5
100002C9
102
{ACAD_XDICTIONARY
360
100002CA
102
}
330
1F
100
AcDbEntity
  8
MODELSKETCH_VISIBLE
100
AcDbCircle
 10
-23.24999999999801
 20
14.9
 30
0.0
 40
1.899999999999949
  0
CIRCLE
  5
100002CD
102
{ACAD_XDICTIONARY
360
100002CE
102
}
330
1F
100
AcDbEntity
  8
MODELSKETCH_VISIBLE
100
AcDbCircle
 10
23.24999999999752
 20
23.5
 30
0.0
 40
1.9
  0
LINE
  5
100002D1
102
{ACAD_XDICTIONARY
360
100002D2
102
}
330
1F
100
AcDbEntity
  8
MODELSKETCH_VISIBLE
100
AcDbLine
 10
39.50000000000001
 20
50.0
 30
0.0
 11
-39.49999999999999
 21
50.0
 31
0.0
  0
CIRCLE
  5
100002D5
102
{ACAD_XDICTIONARY
360
100002D6
102
}
330
1F
100
AcDbEntity
  8
MODELSKETCH_VISIBLE
100
AcDbCircle
 10
23.26329074893928
 20
-6.467893601086432
 30
0.0
 40
1.899999999999948
  0
CIRCLE
  5
100002D9
102
{ACAD_XDICTIONARY
360
100002DA
102
}
330
1F
100
AcDbEntity
  8
MODELSKETCH_VISIBLE
100
AcDbCircle
 10
-23.2367092510588
 20
33.5321063989137
 30
0.0
 40
1.899999999999948
  0
CIRCLE
  5
100002DD
102
{ACAD_XDICTIONARY
360
100002DE
102
}
330
1F
100
AcDbEntity
  8
MODELSKETCH_VISIBLE
100
AcDbCircle
 10
23.25000000000004
 20
14.9
 30
0.0
 40
1.899999999999949
  0
ARC
  5
100002E1
102
{ACAD_XDICTIONARY
360
100002E2
102
}
330
1F
100
AcDbEntity
  8
MODELSKETCH_VISIBLE
100
AcDbCircle
 10
39.50000000000001
 20
-48.0
 30
0.0
 40
2.0
100
AcDbArc
 50
270.0
 51
0.0
  0
CIRCLE
  5
100002E5
102
{ACAD_XDICTIONARY
360
100002E6
102
}
330
1F
100
AcDbEntity
  8
MODELSKETCH_VISIBLE
100
AcDbCircle
 10
23.24999999999752
 20
13.49999999999998
 30
0.0
 40
1.9
  0
CIRCLE
  5
100002E9
102
{ACAD_XDICTIONARY
360
100002EA
102
}
330
1F
100
AcDbEntity
  8
MODELSKETCH_VISIBLE
100
AcDbCircle
 10
23.26329074893928
 20
33.53210639891359
 30
0.0
 40
1.899999999999948
  0
ARC
  5
100002ED
102
{ACAD_XDICTIONARY
360
100002EE
102
}
330
1F
100
AcDbEntity
  8
MODELSKETCH_VISIBLE
100
AcDbCircle
 10
29.50000000000001
 20
-5.999999999999996
 30
0.0
 40
2.0
100
AcDbArc
 50
180.0
 51
270.0
  0
CIRCLE
  5
100002F1
102
{ACAD_XDICTIONARY
360
100002F2
102
}
330
1F
100
AcDbEntity
  8
MODELSKETCH_VISIBLE
100
AcDbCircle
 10
-29.98670925105877
 20
43.53210639891361
 30
0.0
 40
1.9
  0
CIRCLE
  5
100002F5
102
{ACAD_XDICTIONARY
360
100002F6
102
}
330
1F
100
AcDbEntity
  8
MODELSKETCH_VISIBLE
100
AcDbCircle
 10
-23.23670925105879
 20
3.532106398913716
 30
0.0
 40
1.899999999999948
  0
LINE
  5
100002F9
102
{ACAD_XDICTIONARY
360
100002FA
102
}
330
1F
100
AcDbEntity
  8
MODELSKETCH_VISIBLE
100
AcDbLine
 10
27.50000000000001
 20
8.000000000000007
 30
0.0
 11
27.50000000000001
 21
-8.0
 31
0.0
  0
CIRCLE
  5
100002FD
102
{ACAD_XDICTIONARY
360
100002FE
102
}
330
1F
100
AcDbEntity
  8
MODELSKETCH_VISIBLE
100
AcDbCircle
 10
-23.25000000000044
 20
34.90000000000374
 30
0.0
 40
1.9
  0
CIRCLE
  5
10000301
102
{ACAD_XDICTIONARY
360
10000302
102
}
330
1F
100
AcDbEntity
  8
MODELSKETCH_VISIBLE
100
AcDbCircle
 10
39.50000000000001
 20
45.00000000000001
 30
0.0
 40
1.300000000000002
  0
CIRCLE
  5
10000305
102
{ACAD_XDICTIONARY
360
10000306
102
}
330
1F
100
AcDbEntity
  8
MODELSKETCH_VISIBLE
100
AcDbCircle
 10
39.50000000000001
 20
-15.00000000000001
 30
0.0
 40
1.300000000000002
  0
LINE
  5
10000309
102
{ACAD_XDICTIONARY
360
1000030A
102
}
330
1F
100
AcDbEntity
  8
MODELSKETCH_VISIBLE
100
AcDbLine
 10
24.30000000000002
 20
-24.29999999999999
 30
0.0
 11
24.30000000000002
 21
-25.3
 31
0.0
  0
CIRCLE
  5
1000030D
102
{ACAD_XDICTIONARY
360
1000030E
102
}
330
1F
100
AcDbEntity
  8
MODELSKETCH_VISIBLE
100
AcDbCircle
 10
23.26329074892091
 20
3.532106398912047
 30
0.0
 40
1.899999999999895
  0
ARC
  5
10000311
102
{ACAD_XDICTIONARY
360
10000312
102
}
330
1F
100
AcDbEntity
  8
MODELSKETCH_VISIBLE
100
AcDbCircle
 10
39.50000000000001
 20
-48.0
 30
0.0
 40
2.0
100
AcDbArc
 50
270.0
 51
0.0
  0
CIRCLE
  5
10000315
102
{ACAD_XDICTIONARY
360
10000316
102
}
330
1F
100
AcDbEntity
  8
MODELSKETCH_VISIBLE
100
AcDbCircle
 10
-39.50000000000001
 20
-15.00000000000001
 30
0.0
 40
1.300000000000002
  0
CIRCLE
  5
10000319
102
{ACAD_XDICTIONARY
360
1000031A
102
}
330
1F
100
AcDbEntity
  8
MODELSKETCH_VISIBLE
100
AcDbCircle
 10
23.2632907489184
 20
-16.46789360108708
 30
0.0
 40
1.899999999999897
  0
ARC
  5
1000031D
102
{ACAD_XDICTIONARY
360
1000031E
102
}
330
1F
100
AcDbEntity
  8
MODELSKETCH_VISIBLE
100
AcDbCircle
 10
39.50000000000001
 20
48.0
 30
0.0
 40
2.0
100
AcDbArc
 50
0.0
 51
90.0
  0
LINE
  5
10000321
102
{ACAD_XDICTIONARY
360
10000322
102
}
330
1F
100
AcDbEntity
  8
MODELSKETCH_VISIBLE
100
AcDbLine
 10
35.50000000000001
 20
8.000000000000004
 30
0.0
 11
29.50000000000001
 21
8.000000000000004
 31
0.0
  0
CIRCLE
  5
10000325
102
{ACAD_XDICTIONARY
360
10000326
102
}
330
1F
100
AcDbEntity
  8
MODELSKETCH_VISIBLE
100
AcDbCircle
 10
23.2632907489184
 20
33.53210639891292
 30
0.0
 40
1.899999999999897
  0
CIRCLE
  5
10000329
102
{ACAD_XDICTIONARY
360
1000032A
102
}
330
1F
100
AcDbEntity
  8
MODELSKETCH_VISIBLE
100
AcDbCircle
 10
-23.25000000000004
 20
-16.58461179679776
 30
0.0
 40
1.9
  0
CIRCLE
  5
1000032D
102
{ACAD_XDICTIONARY
360
1000032E
102
}
330
1F
100
AcDbEntity
  8
MODELSKETCH_VISIBLE
100
AcDbCircle
 10
-23.23670925107774
 20
3.532106398912952
 30
0.0
 40
1.899999999999897
  0
ARC
  5
10000331
102
{ACAD_XDICTIONARY
360
10000332
102
}
330
1F
100
AcDbEntity
  8
MODELSKETCH_VISIBLE
100
AcDbCircle
 10
39.50000000000001
 20
48.0
 30
0.0
 40
2.0
100
AcDbArc
 50
0.0
 51
90.0
  0
CIRCLE
  5
10000335
102
{ACAD_XDICTIONARY
360
10000336
102
}
330
1F
100
AcDbEntity
  8
MODELSKETCH_VISIBLE
100
AcDbCircle
 10
23.249999999997
 20
24.90000000000072
 30
0.0
 40
1.9
  0
ARC
  5
10000339
102
{ACAD_XDICTIONARY
360
1000033A
102
}
330
1F
100
AcDbEntity
  8
MODELSKETCH_VISIBLE
100
AcDbCircle
 10
-39.49999999999999
 20
48.0
 30
0.0
 40
2.0
100
AcDbArc
 50
90.0
 51
180.0
  0
CIRCLE
  5
1000033D
102
{ACAD_XDICTIONARY
360
1000033E
102
}
330
1F
100
AcDbEntity
  8
MODELSKETCH_VISIBLE
100
AcDbCircle
 10
-23.25000000000041
 20
24.90000000000341
 30
0.0
 40
1.9
  0
CIRCLE
  5
10000341
102
{ACAD_XDICTIONARY
360
10000342
102
}
330
1F
100
AcDbEntity
  8
MODELSKETCH_VISIBLE
100
AcDbCircle
 10
13.01329074894185
 20
43.53210639891331
 30
0.0
 40
1.9
  0
ARC
  5
10000345
102
{ACAD_XDICTIONARY
360
10000346
102
}
330
1F
100
AcDbEntity
  8
MODELSKETCH_VISIBLE
100
AcDbCircle
 10
-29.50000000000001
 20
-5.999999999999996
 30
0.0
 40
2.0
100
AcDbArc
 50
270.0
 51
0.0
  0
CIRCLE
  5
10000349
102
{ACAD_XDICTIONARY
360
1000034A
102
}
330
1F
100
AcDbEntity
  8
MODELSKETCH_VISIBLE
100
AcDbCircle
 10
-39.50000000000001
 20
-45.00000000000001
 30
0.0
 40
1.300000000000002
  0
LINE
  5
1000034D
102
{ACAD_XDICTIONARY
360
1000034E
102
}
330
1F
100
AcDbEntity
  8
MODELSKETCH_VISIBLE
100
AcDbLine
 10
37.50000000000001
 20
8.000000000000004
 30
0.0
 11
37.50000000000002
 21
-7.999999999999996
 31
0.0
  0
CIRCLE
  5
10000351
102
{ACAD_XDICTIONARY
360
10000352
102
}
330
1F
100
AcDbEntity
  8
MODELSKETCH_VISIBLE
100
AcDbCircle
 10
23.24999999999921
 20
-25.09999999999838
 30
0.0
 40
1.9
  0
CIRCLE
  5
10000355
102
{ACAD_XDICTIONARY
360
10000356
102
}
330
1F
100
AcDbEntity
  8
MODELSKETCH_VISIBLE
100
AcDbCircle
 10
5.385
 20
42.1
 30
0.0
 40
0.8000000000000004
  0
CIRCLE
  5
10000359
102
{ACAD_XDICTIONARY
360
1000035A
102
}
330
1F
100
AcDbEntity
  8
MODELSKETCH_VISIBLE
100
AcDbCircle
 10
5.385
 20
42.1
 30
0.0
 40
0.8000000000000004
  0
LINE
  5
1000035D
102
{ACAD_XDICTIONARY
360
1000035E
102
}
330
1F
100
AcDbEntity
  8
MODELSKETCH_VISIBLE
100
AcDbLine
 10
-27.50000000000001
 20
6.000000000000003
 30
0.0
 11
-27.50000000000001
 21
-5.999999999999996
 31
0.0
  0
CIRCLE
  5
10000361
102
{ACAD_XDICTIONARY
360
10000362
102
}
330
1F
100
AcDbEntity
  8
MODELSKETCH_VISIBLE
100
AcDbCircle
 10
-5.384999999999978
 20
42.1
 30
0.0
 40
0.8000000000000004
  0
CIRCLE
  5
10000365
102
{ACAD_XDICTIONARY
360
10000366
102
}
330
1F
100
AcDbEntity
  8
MODELSKETCH_VISIBLE
100
AcDbCircle
 10
-12.98670925108013
 20
43.53210639891302
 30
0.0
 40
1.899999999999917
  0
LINE
  5
10000369
102
{ACAD_XDICTIONARY
360
1000036A
102
}
330
1F
100
AcDbEntity
  8
MODELSKETCH_VISIBLE
100
AcDbLine
 10
-35.50000000000001
 20
8.000000000000004
 30
0.0
 11
-29.50000000000001
 21
8.000000000000004
 31
0.0
  0
CIRCLE
  5
1000036D
102
{ACAD_XDICTIONARY
360
1000036E
102
}
330
1F
100
AcDbEntity
  8
MODELSKETCH_VISIBLE
100
AcDbCircle
 10
23.26329074892256
 20
-36.46789360108796
 30
0.0
 40
1.899999999999895
  0
CIRCLE
  5
10000371
102
{ACAD_XDICTIONARY
360
10000372
102
}
330
1F
100
AcDbEntity
  8
MODELSKETCH_VISIBLE
100
AcDbCircle
 10
-23.25000000000278
 20
-45.10000000000002
 30
0.0
 40
1.899999999999965
  0
CIRCLE
  5
10000375
102
{ACAD_XDICTIONARY
360
10000376
102
}
330
1F
100
AcDbEntity
  8
MODELSKETCH_VISIBLE
100
AcDbCircle
 10
-23.25000000000278
 20
-25.09999999999976
 30
0.0
 40
1.899999999999965
  0
ARC
  5
10000379
102
{ACAD_XDICTIONARY
360
1000037A
102
}
330
1F
100
AcDbEntity
  8
MODELSKETCH_VISIBLE
100
AcDbCircle
 10
13.01329074893399
 20
-48.11789360108391
 30
0.0
 40
1.899999999999951
100
AcDbArc
 50
277.869572353687
 51
262.1304276463129
  0
CIRCLE
  5
1000037D
102
{ACAD_XDICTIONARY
360
1000037E
102
}
330
1F
100
AcDbEntity
  8
MODELSKETCH_VISIBLE
100
AcDbCircle
 10
-23.23670925106673
 20
24.53210639891612
 30
0.0
 40
1.899999999999949
  0
CIRCLE
  5
10000381
102
{ACAD_XDICTIONARY
360
10000382
102
}
330
1F
100
AcDbEntity
  8
MODELSKETCH_VISIBLE
100
AcDbCircle
 10
23.26329074893133
 20
14.53210639891612
 30
0.0
 40
1.899999999999949
  0
ARC
  5
10000385
102
{ACAD_XDICTIONARY
360
10000386
102
}
330
1F
100
AcDbEntity
  8
MODELSKETCH_VISIBLE
100
AcDbCircle
 10
-5.000000000000253
 20
-43.50000000000001
 30
0.0
 40
2.500000000000002
100
AcDbArc
 50
179.9999999999997
 51
270.0
  0
CIRCLE
  5
10000389
102
{ACAD_XDICTIONARY
360
1000038A
102
}
330
1F
100
AcDbEntity
  8
MODELSKETCH_VISIBLE
100
AcDbCircle
 10
-23.23670925106672
 20
14.53210639891611
 30
0.0
 40
1.899999999999949
  0
SPLINE
  5
1000038D
102
{ACAD_XDICTIONARY
360
1000038E
102
}
330
1F
100
AcDbEntity
  8
MODELSKETCH_VISIBLE
100
AcDbSpline
210
0.0
220
0.0
230
1.0
 70
    12
 71
     3
 72
     8
 73
     4
 74
     0
 42
0.0000000001
 43
0.00000001
 40
0.0
 40
0.0
 40
0.0
 40
0.0
 40
1.0
 40
1.0
 40
1.0
 40
1.0
 10
24.30000000000001
 20
-25.3
 30
0.0
 41
1.0
 10
24.29999979421217
 20
-27.39999958842429
 30
0.0
 41
0.3333333986628211
 10
22.20000020578787
 20
-27.39999958842429
 30
0.0
 41
0.3333333986628211
 10
22.20000000000002
 20
-25.3
 30
0.0
 41
1.0
  0
LINE
  5
10000391
102
{ACAD_XDICTIONARY
360
10000392
102
}
330
1F
100
AcDbEntity
  8
MODELSKETCH_VISIBLE
100
AcDbLine
 10
37.50000000000002
 20
6.000000000000004
 30
0.0
 11
37.50000000000002
 21
-5.999999999999996
 31
0.0
  0
CIRCLE
  5
10000395
102
{ACAD_XDICTIONARY
360
10000396
102
}
330
1F
100
AcDbEntity
  8
MODELSKETCH_VISIBLE
100
AcDbCircle
 10
-23.2367092510667
 20
-14.8678936010839
 30
0.0
 40
1.899999999999949
  0
CIRCLE
  5
10000399
102
{ACAD_XDICTIONARY
360
1000039A
102
}
330
1F
100
AcDbEntity
  8
MODELSKETCH_VISIBLE
100
AcDbCircle
 10
23.26329074893136
 20
-24.86789360108389
 30
0.0
 40
1.899999999999949
  0
CIRCLE
  5
1000039D
102
{ACAD_XDICTIONARY
360
1000039E
102
}
330
1F
100
AcDbEntity
  8
MODELSKETCH_VISIBLE
100
AcDbCircle
 10
23.26329074893929
 20
-26.46789360108644
 30
0.0
 40
1.899999999999948
  0
CIRCLE
  5
100003A1
102
{ACAD_XDICTIONARY
360
100003A2
102
}
330
1F
100
AcDbEntity
  8
MODELSKETCH_VISIBLE
100
AcDbCircle
 10
23.26329074893929
 20
-36.46789360108643
 30
0.0
 40
1.899999999999948
  0
CIRCLE
  5
100003A5
102
{ACAD_XDICTIONARY
360
100003A6
102
}
330
1F
100
AcDbEntity
  8
MODELSKETCH_VISIBLE
100
AcDbCircle
 10
-23.23670925105878
 20
-36.46789360108628
 30
0.0
 40
1.899999999999948
  0
ARC
  5
100003A9
102
{ACAD_XDICTIONARY
360
100003AA
102
}
330
1F
100
AcDbEntity
  8
MODELSKETCH_VISIBLE
100
AcDbCircle
 10
-5.00000000000025
 20
-42.50000000000001
 30
0.0
 40
2.500000000000002
100
AcDbArc
 50
90.0
 51
179.9999999999998
  0
CIRCLE
  5
100003AD
102
{ACAD_XDICTIONARY
360
100003AE
102
}
330
1F
100
AcDbEntity
  8
MODELSKETCH_VISIBLE
100
AcDbCircle
 10
23.26329074893929
 20
-46.46789360108644
 30
0.0
 40
1.899999999999948
  0
CIRCLE
  5
100003B1
102
{ACAD_XDICTIONARY
360
100003B2
102
}
330
1F
100
AcDbEntity
  8
MODELSKETCH_VISIBLE
100
AcDbCircle
 10
-23.25000000000041
 20
14.90000000000308
 30
0.0
 40
1.9
  0
ARC
  5
100003B5
102
{ACAD_XDICTIONARY
360
100003B6
102
}
330
1F
100
AcDbEntity
  8
MODELSKETCH_VISIBLE
100
AcDbCircle
 10
23.25000000000002
 20
-34.3
 30
0.0
 40
1.049999999999999
100
AcDbArc
 50
0.0
 51
180.0
  0
CIRCLE
  5
100003B9
102
{ACAD_XDICTIONARY
360
100003BA
102
}
330
1F
100
AcDbEntity
  8
MODELSKETCH_VISIBLE
100
AcDbCircle
 10
23.26329074892298
 20
-46.46789360108797
 30
0.0
 40
1.899999999999895
  0
ARC
  5
100003BD
102
{ACAD_XDICTIONARY
360
100003BE
102
}
330
1F
100
AcDbEntity
  8
MODELSKETCH_VISIBLE
100
AcDbCircle
 10
-39.49999999999999
 20
-48.0
 30
0.0
 40
2.0
100
AcDbArc
 50
180.0
 51
270.0
  0
CIRCLE
  5
100003C1
102
{ACAD_XDICTIONARY
360
100003C2
102
}
330
1F
100
AcDbEntity
  8
MODELSKETCH_VISIBLE
100
AcDbCircle
 10
23.24999999999921
 20
-15.09999999999807
 30
0.0
 40
1.9
  0
LINE
  5
100003C5
102
{ACAD_XDICTIONARY
360
100003C6
102
}
330
1F
100
AcDbEntity
  8
MODELSKETCH_VISIBLE
100
AcDbLine
 10
19.04999999999999
 20
-7.299999999999758
 30
0.0
 11
19.04999999999999
 21
-6.300000000000014
 31
0.0
  0
CIRCLE
  5
100003C9
102
{ACAD_XDICTIONARY
360
100003CA
102
}
330
1F
100
AcDbEntity
  8
MODELSKETCH_VISIBLE
100
AcDbCircle
 10
-23.25000000000041
 20
34.90000000000374
 30
0.0
 40
1.9
  0
CIRCLE
  5
100003CD
102
{ACAD_XDICTIONARY
360
100003CE
102
}
330
1F
100
AcDbEntity
  8
MODELSKETCH_VISIBLE
100
AcDbCircle
 10
23.24999999999921
 20
-45.09999999999904
 30
0.0
 40
1.9
  0
CIRCLE
  5
100003D1
102
{ACAD_XDICTIONARY
360
100003D2
102
}
330
1F
100
AcDbEntity
  8
MODELSKETCH_VISIBLE
100
AcDbCircle
 10
23.24999999999921
 20
-5.09999999999774
 30
0.0
 40
1.9
  0
LINE
  5
100003D5
102
{ACAD_XDICTIONARY
360
100003D6
102
}
330
1F
100
AcDbEntity
  8
MODELSKETCH_VISIBLE
100
AcDbLine
 10
-7.500000000000074
 20
42.49999999999996
 30
0.0
 11
-7.500000000000075
 21
41.49999999999996
 31
0.0
  0
CIRCLE
  5
100003D9
102
{ACAD_XDICTIONARY
360
100003DA
102
}
330
1F
100
AcDbEntity
  8
MODELSKETCH_VISIBLE
100
AcDbCircle
 10
-23.25000000000041
 20
4.900000000002755
 30
0.0
 40
1.9
  0
CIRCLE
  5
100003DD
102
{ACAD_XDICTIONARY
360
100003DE
102
}
330
1F
100
AcDbEntity
  8
MODELSKETCH_VISIBLE
100
AcDbCircle
 10
-23.25000000000041
 20
-5.099999999997573
 30
0.0
 40
1.9
  0
ARC
  5
100003E1
102
{ACAD_XDICTIONARY
360
100003E2
102
}
330
1F
100
AcDbEntity
  8
MODELSKETCH_VISIBLE
100
AcDbCircle
 10
12.99999999999772
 20
48.15000000000126
 30
0.0
 40
1.899999999999966
100
AcDbArc
 50
103.1735511074211
 51
76.82644889257891
  0
CIRCLE
  5
100003E5
102
{ACAD_XDICTIONARY
360
100003E6
102
}
330
1F
100
AcDbEntity
  8
MODELSKETCH_VISIBLE
100
AcDbCircle
 10
-23.25000000000041
 20
-15.0999999999979
 30
0.0
 40
1.9
  0
CIRCLE
  5
100003E9
102
{ACAD_XDICTIONARY
360
100003EA
102
}
330
1F
100
AcDbEntity
  8
MODELSKETCH_VISIBLE
100
AcDbCircle
 10
-23.25000000000041
 20
-25.09999999999822
 30
0.0
 40
1.9
  0
LINE
  5
100003ED
102
{ACAD_XDICTIONARY
360
100003EE
102
}
330
1F
100
AcDbEntity
  8
MODELSKETCH_VISIBLE
100
AcDbLine
 10
-11.15000000000015
 20
-7.300000000000022
 30
0.0
 11
-11.15000000000015
 21
-6.300000000000105
 31
0.0
  0
CIRCLE
  5
100003F1
102
{ACAD_XDICTIONARY
360
100003F2
102
}
330
1F
100
AcDbEntity
  8
MODELSKETCH_VISIBLE
100
AcDbCircle
 10
-23.25000000000041
 20
-35.09999999999857
 30
0.0
 40
1.9
  0
CIRCLE
  5
100003F5
102
{ACAD_XDICTIONARY
360
100003F6
102
}
330
1F
100
AcDbEntity
  8
MODELSKETCH_VISIBLE
100
AcDbCircle
 10
-23.25000000000041
 20
-45.09999999999888
 30
0.0
 40
1.9
  0
ARC
  5
100003F9
102
{ACAD_XDICTIONARY
360
100003FA
102
}
330
1F
100
AcDbEntity
  8
MODELSKETCH_VISIBLE
100
AcDbCircle
 10
30.01329074893329
 20
-48.11789360108389
 30
0.0
 40
1.899999999999951
100
AcDbArc
 50
277.869572353684
 51
262.1304276463159
  0
CIRCLE
  5
100003FD
102
{ACAD_XDICTIONARY
360
100003FE
102
}
330
1F
100
AcDbEntity
  8
MODELSKETCH_VISIBLE
100
AcDbCircle
 10
30.01329074894297
 20
43.53210639891341
 30
0.0
 40
1.899999999999947
  0
CIRCLE
  5
10000401
102
{ACAD_XDICTIONARY
360
10000402
102
}
330
1F
100
AcDbEntity
  8
MODELSKETCH_VISIBLE
100
AcDbCircle
 10
12.99999999999991
 20
-44.49999999999766
 30
0.0
 40
1.9
  0
CIRCLE
  5
10000405
102
{ACAD_XDICTIONARY
360
10000406
102
}
330
1F
100
AcDbEntity
  8
MODELSKETCH_VISIBLE
100
AcDbCircle
 10
23.24999999999917
 20
-34.49999999999871
 30
0.0
 40
1.9
  0
CIRCLE
  5
10000409
102
{ACAD_XDICTIONARY
360
1000040A
102
}
330
1F
100
AcDbEntity
  8
MODELSKETCH_VISIBLE
100
AcDbCircle
 10
-23.25000000000044
 20
-34.49999999999853
 30
0.0
 40
1.9
  0
ARC
  5
1000040D
102
{ACAD_XDICTIONARY
360
1000040E
102
}
330
1F
100
AcDbEntity
  8
MODELSKETCH_VISIBLE
100
AcDbCircle
 10
13.00000000000049
 20
48.15000000000255
 30
0.0
 40
1.9
100
AcDbArc
 50
103.1735511075962
 51
76.82644889240376
  0
CIRCLE
  5
10000411
102
{ACAD_XDICTIONARY
360
10000412
102
}
330
1F
100
AcDbEntity
  8
MODELSKETCH_VISIBLE
100
AcDbCircle
 10
-23.25000000000044
 20
14.90000000000308
 30
0.0
 40
1.9
  0
ARC
  5
10000415
102
{ACAD_XDICTIONARY
360
10000416
102
}
330
1F
100
AcDbEntity
  8
MODELSKETCH_VISIBLE
100
AcDbCircle
 10
-30.00000000000308
 20
48.15000000000435
 30
0.0
 40
1.9
100
AcDbArc
 50
103.1735511078349
 51
76.82644889216503
  0
CIRCLE
  5
10000419
102
{ACAD_XDICTIONARY
360
1000041A
102
}
330
1F
100
AcDbEntity
  8
MODELSKETCH_VISIBLE
100
AcDbCircle
 10
-13.00000000000162
 20
-44.49999999999739
 30
0.0
 40
1.9
  0
LINE
  5
1000041D
102
{ACAD_XDICTIONARY
360
1000041E
102
}
330
1F
100
AcDbEntity
  8
MODELSKETCH_VISIBLE
100
AcDbLine
 10
-39.49999999999999
 20
50.0
 30
0.0
 11
39.50000000000001
 21
50.0
 31
0.0
  0
CIRCLE
  5
10000421
102
{ACAD_XDICTIONARY
360
10000422
102
}
330
1F
100
AcDbEntity
  8
MODELSKETCH_VISIBLE
100
AcDbCircle
 10
-23.25000000000044
 20
24.90000000000341
 30
0.0
 40
1.9
  0
CIRCLE
  5
10000425
102
{ACAD_XDICTIONARY
360
10000426
102
}
330
1F
100
AcDbEntity
  8
MODELSKETCH_VISIBLE
100
AcDbCircle
 10
23.24999999999917
 20
34.90000000000357
 30
0.0
 40
1.9
  0
LINE
  5
10000429
102
{ACAD_XDICTIONARY
360
1000042A
102
}
330
1F
100
AcDbEntity
  8
MODELSKETCH_VISIBLE
100
AcDbLine
 10
4.149999999999852
 20
-7.300000000000102
 30
0.0
 11
4.149999999999852
 21
-6.300000191072498
 31
0.0
  0
CIRCLE
  5
1000042D
102
{ACAD_XDICTIONARY
360
1000042E
102
}
330
1F
100
AcDbEntity
  8
MODELSKETCH_VISIBLE
100
AcDbCircle
 10
23.24999999999917
 20
24.90000000000325
 30
0.0
 40
1.9
  0
CIRCLE
  5
10000431
102
{ACAD_XDICTIONARY
360
10000432
102
}
330
1F
100
AcDbEntity
  8
MODELSKETCH_VISIBLE
100
AcDbCircle
 10
23.24999999999917
 20
14.90000000000292
 30
0.0
 40
1.9
  0
ARC
  5
10000435
102
{ACAD_XDICTIONARY
360
10000436
102
}
330
1F
100
AcDbEntity
  8
MODELSKETCH_VISIBLE
100
AcDbCircle
 10
35.50000000000001
 20
-5.999999999999996
 30
0.0
 40
2.0
100
AcDbArc
 50
270.0
 51
0.0
  0
CIRCLE
  5
10000439
102
{ACAD_XDICTIONARY
360
1000043A
102
}
330
1F
100
AcDbEntity
  8
MODELSKETCH_VISIBLE
100
AcDbCircle
 10
23.24999999999921
 20
34.90000000000357
 30
0.0
 40
1.9
  0
CIRCLE
  5
1000043D
102
{ACAD_XDICTIONARY
360
1000043E
102
}
330
1F
100
AcDbEntity
  8
MODELSKETCH_VISIBLE
100
AcDbCircle
 10
-23.25000000000044
 20
-24.4999999999982
 30
0.0
 40
1.9
  0
CIRCLE
  5
10000441
102
{ACAD_XDICTIONARY
360
10000442
102
}
330
1F
100
AcDbEntity
  8
MODELSKETCH_VISIBLE
100
AcDbCircle
 10
13.01329074893333
 20
44.53210639891611
 30
0.0
 40
1.899999999999951
  0
LINE
  5
10000445
102
{ACAD_XDICTIONARY
360
10000446
102
}
330
1F
100
AcDbEntity
  8
MODELSKETCH_VISIBLE
100
AcDbLine
 10
-7.500000000000098
 20
-42.50000000000001
 30
0.0
 11
-7.500000000000098
 21
-43.5
 31
0.0
  0
CIRCLE
  5
10000449
102
{ACAD_XDICTIONARY
360
1000044A
102
}
330
1F
100
AcDbEntity
  8
MODELSKETCH_VISIBLE
100
AcDbCircle
 10
-23.25000000000278
 20
34.90000000000101
 30
0.0
 40
1.899999999999965
  0
ARC
  5
1000044D
102
{ACAD_XDICTIONARY
360
1000044E
102
}
330
1F
100
AcDbEntity
  8
MODELSKETCH_VISIBLE
100
AcDbCircle
 10
-5.000000000000232
 20
42.49999999999997
 30
0.0
 40
2.500000000000003
100
AcDbArc
 50
90.0
 51
180.0000000000003
  0
CIRCLE
  5
10000451
102
{ACAD_XDICTIONARY
360
10000452
102
}
330
1F
100
AcDbEntity
  8
MODELSKETCH_VISIBLE
100
AcDbCircle
 10
23.24999999999921
 20
24.90000000000325
 30
0.0
 40
1.9
  0
LINE
  5
10000455
102
{ACAD_XDICTIONARY
360
10000456
102
}
330
1F
100
AcDbEntity
  8
MODELSKETCH_VISIBLE
100
AcDbLine
 10
4.99999999999989
 20
44.99999999999997
 30
0.0
 11
-5.000000000000232
 21
44.99999999999997
 31
0.0
  0
LINE
  5
10000459
102
{ACAD_XDICTIONARY
360
1000045A
102
}
330
1F
100
AcDbEntity
  8
MODELSKETCH_VISIBLE
100
AcDbLine
 10
7.499999999999882
 20
42.49999999999997
 30
0.0
 11
7.499999999999882
 21
41.49999999999995
 31
0.0
  0
ARC
  5
1000045D
102
{ACAD_XDICTIONARY
360
1000045E
102
}
330
1F
100
AcDbEntity
  8
MODELSKETCH_VISIBLE
100
AcDbCircle
 10
-5.000000000000234
 20
41.49999999999996
 30
0.0
 40
2.499999999999997
100
AcDbArc
 50
180.0
 51
270.0
  0
CIRCLE
  5
10000461
102
{ACAD_XDICTIONARY
360
10000462
102
}
330
1F
100
AcDbEntity
  8
MODELSKETCH_VISIBLE
100
AcDbCircle
 10
16.51329074893749
 20
19.53210639891314
 30
0.0
 40
0.7999999999999763
  0
CIRCLE
  5
10000465
102
{ACAD_XDICTIONARY
360
10000466
102
}
330
1F
100
AcDbEntity
  8
MODELSKETCH_VISIBLE
100
AcDbCircle
 10
-23.23670925107774
 20
33.53210639891295
 30
0.0
 40
1.899999999999897
  0
LINE
  5
10000469
102
{ACAD_XDICTIONARY
360
1000046A
102
}
330
1F
100
AcDbEntity
  8
MODELSKETCH_VISIBLE
100
AcDbLine
 10
4.999999999999888
 20
38.99999999999996
 30
0.0
 11
-5.000000000000234
 21
38.99999999999996
 31
0.0
  0
CIRCLE
  5
1000046D
102
{ACAD_XDICTIONARY
360
1000046E
102
}
330
1F
100
AcDbEntity
  8
MODELSKETCH_VISIBLE
100
AcDbCircle
 10
23.26329074892174
 20
-16.46789360108794
 30
0.0
 40
1.899999999999895
  0
LINE
  5
10000471
102
{ACAD_XDICTIONARY
360
10000472
102
}
330
1F
100
AcDbEntity
  8
MODELSKETCH_VISIBLE
100
AcDbLine
 10
7.499999999999714
 20
-42.50000000000001
 30
0.0
 11
7.499999999999713
 21
-43.50000000000002
 31
0.0
  0
CIRCLE
  5
10000475
102
{ACAD_XDICTIONARY
360
10000476
102
}
330
1F
100
AcDbEntity
  8
MODELSKETCH_VISIBLE
100
AcDbCircle
 10
23.249999999997
 20
-45.09999999999951
 30
0.0
 40
1.9
  0
CIRCLE
  5
10000479
102
{ACAD_XDICTIONARY
360
1000047A
102
}
330
1F
100
AcDbEntity
  8
MODELSKETCH_VISIBLE
100
AcDbCircle
 10
23.24999999999917
 20
-14.49999999999806
 30
0.0
 40
1.9
  0
ARC
  5
1000047D
102
{ACAD_XDICTIONARY
360
1000047E
102
}
330
1F
100
AcDbEntity
  8
MODELSKETCH_VISIBLE
100
AcDbCircle
 10
4.999999999999766
 20
-43.50000000000002
 30
0.0
 40
2.500000000000004
100
AcDbArc
 50
270.0
 51
0.0
  0
ARC
  5
10000481
102
{ACAD_XDICTIONARY
360
10000482
102
}
330
1F
100
AcDbEntity
  8
MODELSKETCH_VISIBLE
100
AcDbCircle
 10
4.999999999999766
 20
-42.50000000000002
 30
0.0
 40
2.500000000000002
100
AcDbArc
 50
0.0
 51
90.0
  0
CIRCLE
  5
10000485
102
{ACAD_XDICTIONARY
360
10000486
102
}
330
1F
100
AcDbEntity
  8
MODELSKETCH_VISIBLE
100
AcDbCircle
 10
13.01329074891687
 20
43.5321063989115
 30
0.0
 40
1.899999999999934
  0
CIRCLE
  5
10000489
102
{ACAD_XDICTIONARY
360
1000048A
102
}
330
1F
100
AcDbEntity
  8
MODELSKETCH_VISIBLE
100
AcDbCircle
 10
-29.98670925107872
 20
43.53210639891302
 30
0.0
 40
1.899999999999917
  0
CIRCLE
  5
1000048D
102
{ACAD_XDICTIONARY
360
1000048E
102
}
330
1F
100
AcDbEntity
  8
MODELSKETCH_VISIBLE
100
AcDbCircle
 10
29.99999999999758
 20
-44.49999999999994
 30
0.0
 40
1.899999999999965
  0
ARC
  5
10000491
102
{ACAD_XDICTIONARY
360
10000492
102
}
330
1F
100
AcDbEntity
  8
MODELSKETCH_VISIBLE
100
AcDbCircle
 10
-39.49999999999999
 20
48.0
 30
0.0
 40
2.0
100
AcDbArc
 50
90.0
 51
180.0
  0
ARC
  5
10000495
102
{ACAD_XDICTIONARY
360
10000496
102
}
330
1F
100
AcDbEntity
  8
MODELSKETCH_VISIBLE
100
AcDbCircle
 10
-30.00000000000047
 20
48.15000000000123
 30
0.0
 40
1.9
100
AcDbArc
 50
103.1735511074208
 51
76.82644889257928
  0
CIRCLE
  5
10000499
102
{ACAD_XDICTIONARY
360
1000049A
102
}
330
1F
100
AcDbEntity
  8
MODELSKETCH_VISIBLE
100
AcDbCircle
 10
-23.25000000000279
 20
-14.49999999999963
 30
0.0
 40
1.899999999999965
  0
CIRCLE
  5
1000049D
102
{ACAD_XDICTIONARY
360
1000049E
102
}
330
1F
100
AcDbEntity
  8
MODELSKETCH_VISIBLE
100
AcDbCircle
 10
23.24999999999699
 20
-14.4999999999994
 30
0.0
 40
1.9
  0
CIRCLE
  5
100004A1
102
{ACAD_XDICTIONARY
360
100004A2
102
}
330
1F
100
AcDbEntity
  8
MODELSKETCH_VISIBLE
100
AcDbCircle
 10
-23.25000000000279
 20
-24.49999999999976
 30
0.0
 40
1.899999999999965
  0
CIRCLE
  5
100004A5
102
{ACAD_XDICTIONARY
360
100004A6
102
}
330
1F
100
AcDbEntity
  8
MODELSKETCH_VISIBLE
100
AcDbCircle
 10
23.24999999999699
 20
-24.49999999999944
 30
0.0
 40
1.9
  0
ARC
  5
100004A9
102
{ACAD_XDICTIONARY
360
100004AA
102
}
330
1F
100
AcDbEntity
  8
MODELSKETCH_VISIBLE
100
AcDbCircle
 10
35.50000000000001
 20
6.000000000000004
 30
0.0
 40
2.0
100
AcDbArc
 50
0.0
 51
90.0
  0
CIRCLE
  5
100004AD
102
{ACAD_XDICTIONARY
360
100004AE
102
}
330
1F
100
AcDbEntity
  8
MODELSKETCH_VISIBLE
100
AcDbCircle
 10
23.24999999999699
 20
-34.49999999999947
 30
0.0
 40
1.9
  0
CIRCLE
  5
100004B1
102
{ACAD_XDICTIONARY
360
100004B2
102
}
330
1F
100
AcDbEntity
  8
MODELSKETCH_VISIBLE
100
AcDbCircle
 10
-13.00000000000063
 20
-44.49999999999979
 30
0.0
 40
1.9
  0
CIRCLE
  5
100004B5
102
{ACAD_XDICTIONARY
360
100004B6
102
}
330
1F
100
AcDbEntity
  8
MODELSKETCH_VISIBLE
100
AcDbCircle
 10
30.01329074891547
 20
43.5321063989122
 30
0.0
 40
1.899999999999934
  0
CIRCLE
  5
100004B9
102
{ACAD_XDICTIONARY
360
100004BA
102
}
330
1F
100
AcDbEntity
  8
MODELSKETCH_VISIBLE
100
AcDbCircle
 10
-23.25000000000279
 20
-34.49999999999989
 30
0.0
 40
1.899999999999965
  0
ARC
  5
100004BD
102
{ACAD_XDICTIONARY
360
100004BE
102
}
330
1F
100
AcDbEntity
  8
MODELSKETCH_VISIBLE
100
AcDbCircle
 10
-13.00000000000119
 20
48.15000000000121
 30
0.0
 40
1.9
100
AcDbArc
 50
103.173551107419
 51
76.82644889258084
  0
CIRCLE
  5
100004C1
102
{ACAD_XDICTIONARY
360
100004C2
102
}
330
1F
100
AcDbEntity
  8
MODELSKETCH_VISIBLE
100
AcDbCircle
 10
-23.23670925107835
 20
33.53210639891008
 30
0.0
 40
1.899999999999948
  0
CIRCLE
  5
100004C5
102
{ACAD_XDICTIONARY
360
100004C6
102
}
330
1F
100
AcDbEntity
  8
MODELSKETCH_VISIBLE
100
AcDbCircle
 10
-23.23670925107794
 20
23.53210639891007
 30
0.0
 40
1.899999999999948
  0
LINE
  5
100004C9
102
{ACAD_XDICTIONARY
360
100004CA
102
}
330
1F
100
AcDbEntity
  8
MODELSKETCH_VISIBLE
100
AcDbLine
 10
24.30000000000001
 20
-34.3
 30
0.0
 11
24.30000000000001
 21
-35.3
 31
0.0
  0
CIRCLE
  5
100004CD
102
{ACAD_XDICTIONARY
360
100004CE
102
}
330
1F
100
AcDbEntity
  8
MODELSKETCH_VISIBLE
100
AcDbCircle
 10
23.26329074891967
 20
33.53210639891205
 30
0.0
 40
1.899999999999895
  0
CIRCLE
  5
100004D1
102
{ACAD_XDICTIONARY
360
100004D2
102
}
330
1F
100
AcDbEntity
  8
MODELSKETCH_VISIBLE
100
AcDbCircle
 10
-12.98670925108098
 20
43.53210639891047
 30
0.0
 40
1.899999999999896
  0
CIRCLE
  5
100004D5
102
{ACAD_XDICTIONARY
360
100004D6
102
}
330
1F
100
AcDbEntity
  8
MODELSKETCH_VISIBLE
100
AcDbCircle
 10
-29.98670925107957
 20
43.53210639890978
 30
0.0
 40
1.899999999999895
  0
CIRCLE
  5
100004D9
102
{ACAD_XDICTIONARY
360
100004DA
102
}
330
1F
100
AcDbEntity
  8
MODELSKETCH_VISIBLE
100
AcDbCircle
 10
-23.23670925107752
 20
13.53210639891006
 30
0.0
 40
1.899999999999948
  0
LINE
  5
100004DD
102
{ACAD_XDICTIONARY
360
100004DE
102
}
330
1F
100
AcDbEntity
  8
MODELSKETCH_VISIBLE
100
AcDbLine
 10
-27.50000000000001
 20
6.000000000000003
 30
0.0
 11
-27.50000000000001
 21
-5.999999999999996
 31
0.0
  0
CIRCLE
  5
100004E1
102
{ACAD_XDICTIONARY
360
100004E2
102
}
330
1F
100
AcDbEntity
  8
MODELSKETCH_VISIBLE
100
AcDbCircle
 10
-23.23670925107711
 20
3.532106398910063
 30
0.0
 40
1.899999999999948
  0
CIRCLE
  5
100004E5
102
{ACAD_XDICTIONARY
360
100004E6
102
}
330
1F
100
AcDbEntity
  8
MODELSKETCH_VISIBLE
100
AcDbCircle
 10
-23.2367092510767
 20
-6.467893601089932
 30
0.0
 40
1.899999999999948
  0
CIRCLE
  5
100004E9
102
{ACAD_XDICTIONARY
360
100004EA
102
}
330
1F
100
AcDbEntity
  8
MODELSKETCH_VISIBLE
100
AcDbCircle
 10
-20.10000000000094
 20
-5.099999999999473
 30
0.0
 40
1.9
  0
CIRCLE
  5
100004ED
102
{ACAD_XDICTIONARY
360
100004EE
102
}
330
1F
100
AcDbEntity
  8
MODELSKETCH_VISIBLE
100
AcDbCircle
 10
-20.10000000000094
 20
4.900000000000661
 30
0.0
 40
1.9
  0
ARC
  5
100004F1
102
{ACAD_XDICTIONARY
360
100004F2
102
}
330
1F
100
AcDbEntity
  8
MODELSKETCH_VISIBLE
100
AcDbCircle
 10
-23.24999999999998
 20
-24.29999999999999
 30
0.0
 40
1.049999999999999
100
AcDbArc
 50
0.0
 51
180.0
  0
CIRCLE
  5
100004F5
102
{ACAD_XDICTIONARY
360
100004F6
102
}
330
1F
100
AcDbEntity
  8
MODELSKETCH_VISIBLE
100
AcDbCircle
 10
23.249999999997
 20
-35.09999999999948
 30
0.0
 40
1.9
  0
CIRCLE
  5
100004F9
102
{ACAD_XDICTIONARY
360
100004FA
102
}
330
1F
100
AcDbEntity
  8
MODELSKETCH_VISIBLE
100
AcDbCircle
 10
-3.100000000001592
 20
-5.099999999999515
 30
0.0
 40
1.9
  0
CIRCLE
  5
100004FD
102
{ACAD_XDICTIONARY
360
100004FE
102
}
330
1F
100
AcDbEntity
  8
MODELSKETCH_VISIBLE
100
AcDbCircle
 10
23.2632907489184
 20
13.53210639891293
 30
0.0
 40
1.899999999999897
  0
ARC
  5
10000501
102
{ACAD_XDICTIONARY
360
10000502
102
}
330
1F
100
AcDbEntity
  8
MODELSKETCH_VISIBLE
100
AcDbCircle
 10
-27.10000000000016
 20
-6.299999999999632
 30
0.0
 40
1.049999999999999
100
AcDbArc
 50
0.0
 51
112.3926878053929
  0
LINE
  5
10000505
102
{ACAD_XDICTIONARY
360
10000506
102
}
330
1F
100
AcDbEntity
  8
MODELSKETCH_VISIBLE
100
AcDbLine
 10
21.15
 20
-7.300000000000011
 30
0.0
 11
21.15
 21
-6.300000000000014
 31
0.0
  0
CIRCLE
  5
10000509
102
{ACAD_XDICTIONARY
360
1000050A
102
}
330
1F
100
AcDbEntity
  8
MODELSKETCH_VISIBLE
100
AcDbCircle
 10
-23.25000000000278
 20
14.90000000000077
 30
0.0
 40
1.899999999999965
  0
CIRCLE
  5
1000050D
102
{ACAD_XDICTIONARY
360
1000050E
102
}
330
1F
100
AcDbEntity
  8
MODELSKETCH_VISIBLE
100
AcDbCircle
 10
23.249999999997
 20
-25.09999999999945
 30
0.0
 40
1.9
  0
CIRCLE
  5
10000511
102
{ACAD_XDICTIONARY
360
10000512
102
}
330
1F
100
AcDbEntity
  8
MODELSKETCH_VISIBLE
100
AcDbCircle
 10
-23.25000000000278
 20
24.90000000000087
 30
0.0
 40
1.899999999999965
  0
CIRCLE
  5
10000515
102
{ACAD_XDICTIONARY
360
10000516
102
}
330
1F
100
AcDbEntity
  8
MODELSKETCH_VISIBLE
100
AcDbCircle
 10
23.249999999997
 20
-15.0999999999994
 30
0.0
 40
1.9
  0
LINE
  5
10000519
102
{ACAD_XDICTIONARY
360
1000051A
102
}
330
1F
100
AcDbEntity
  8
MODELSKETCH_VISIBLE
100
AcDbLine
 10
-35.50000000000001
 20
8.000000000000004
 30
0.0
 11
-29.50000000000001
 21
8.000000000000004
 31
0.0
  0
CIRCLE
  5
1000051D
102
{ACAD_XDICTIONARY
360
1000051E
102
}
330
1F
100
AcDbEntity
  8
MODELSKETCH_VISIBLE
100
AcDbCircle
 10
23.249999999997
 20
14.90000000000072
 30
0.0
 40
1.9
  0
CIRCLE
  5
10000521
102
{ACAD_XDICTIONARY
360
10000522
102
}
330
1F
100
AcDbEntity
  8
MODELSKETCH_VISIBLE
100
AcDbCircle
 10
23.249999999997
 20
34.90000000000077
 30
0.0
 40
1.9
  0
CIRCLE
  5
10000525
102
{ACAD_XDICTIONARY
360
10000526
102
}
330
1F
100
AcDbEntity
  8
MODELSKETCH_VISIBLE
100
AcDbCircle
 10
23.24999999999699
 20
14.90000000000071
 30
0.0
 40
1.9
  0
CIRCLE
  5
10000529
102
{ACAD_XDICTIONARY
360
1000052A
102
}
330
1F
100
AcDbEntity
  8
MODELSKETCH_VISIBLE
100
AcDbCircle
 10
-3.100000000001592
 20
4.900000000000619
 30
0.0
 40
1.9
  0
ARC
  5
1000052D
102
{ACAD_XDICTIONARY
360
1000052E
102
}
330
1F
100
AcDbEntity
  8
MODELSKETCH_VISIBLE
100
AcDbCircle
 10
39.50000000000001
 20
48.0
 30
0.0
 40
2.0
100
AcDbArc
 50
0.0
 51
90.0
  0
CIRCLE
  5
10000531
102
{ACAD_XDICTIONARY
360
10000532
102
}
330
1F
100
AcDbEntity
  8
MODELSKETCH_VISIBLE
100
AcDbCircle
 10
-23.25000000000279
 20
14.90000000000076
 30
0.0
 40
1.899999999999965
  0
CIRCLE
  5
10000535
102
{ACAD_XDICTIONARY
360
10000536
102
}
330
1F
100
AcDbEntity
  8
MODELSKETCH_VISIBLE
100
AcDbCircle
 10
23.24999999999699
 20
24.90000000000074
 30
0.0
 40
1.9
  0
CIRCLE
  5
10000539
102
{ACAD_XDICTIONARY
360
1000053A
102
}
330
1F
100
AcDbEntity
  8
MODELSKETCH_VISIBLE
100
AcDbCircle
 10
23.2632907489184
 20
-46.46789360108712
 30
0.0
 40
1.899999999999897
  0
ARC
  5
1000053D
102
{ACAD_XDICTIONARY
360
1000053E
102
}
330
1F
100
AcDbEntity
  8
MODELSKETCH_VISIBLE
100
AcDbCircle
 10
20.1
 20
-6.300000000000014
 30
0.0
 40
1.049999999999999
100
AcDbArc
 50
0.0
 51
180.0
  0
LINE
  5
10000541
102
{ACAD_XDICTIONARY
360
10000542
102
}
330
1F
100
AcDbEntity
  8
MODELSKETCH_VISIBLE
100
AcDbLine
 10
4.149999999999983
 20
2.700000000000769
 30
0.0
 11
4.149999999999983
 21
3.699999808927538
 31
0.0
  0
CIRCLE
  5
10000545
102
{ACAD_XDICTIONARY
360
10000546
102
}
330
1F
100
AcDbEntity
  8
MODELSKETCH_VISIBLE
100
AcDbCircle
 10
-23.25000000000279
 20
24.90000000000089
 30
0.0
 40
1.899999999999965
  0
CIRCLE
  5
10000549
102
{ACAD_XDICTIONARY
360
1000054A
102
}
330
1F
100
AcDbEntity
  8
MODELSKETCH_VISIBLE
100
AcDbCircle
 10
23.24999999999699
 20
34.90000000000078
 30
0.0
 40
1.9
  0
CIRCLE
  5
1000054D
102
{ACAD_XDICTIONARY
360
1000054E
102
}
330
1F
100
AcDbEntity
  8
MODELSKETCH_VISIBLE
100
AcDbCircle
 10
-23.25000000000279
 20
34.90000000000102
 30
0.0
 40
1.899999999999965
  0
ARC
  5
10000551
102
{ACAD_XDICTIONARY
360
10000552
102
}
330
1F
100
AcDbEntity
  8
MODELSKETCH_VISIBLE
100
AcDbCircle
 10
-29.50000000000001
 20
6.000000000000004
 30
0.0
 40
2.0
100
AcDbArc
 50
0.0
 51
90.0
  0
CIRCLE
  5
10000555
102
{ACAD_XDICTIONARY
360
10000556
102
}
330
1F
100
AcDbEntity
  8
MODELSKETCH_VISIBLE
100
AcDbCircle
 10
-23.23670925107628
 20
-16.46789360108994
 30
0.0
 40
1.899999999999948
  0
CIRCLE
  5
10000559
102
{ACAD_XDICTIONARY
360
1000055A
102
}
330
1F
100
AcDbEntity
  8
MODELSKETCH_VISIBLE
100
AcDbCircle
 10
-23.23670925107587
 20
-26.46789360108995
 30
0.0
 40
1.899999999999948
  0
CIRCLE
  5
1000055D
102
{ACAD_XDICTIONARY
360
1000055E
102
}
330
1F
100
AcDbEntity
  8
MODELSKETCH_VISIBLE
100
AcDbCircle
 10
-23.23670925107545
 20
-36.46789360108994
 30
0.0
 40
1.899999999999948
  0
CIRCLE
  5
10000561
102
{ACAD_XDICTIONARY
360
10000562
102
}
330
1F
100
AcDbEntity
  8
MODELSKETCH_VISIBLE
100
AcDbCircle
 10
23.26329074892215
 20
-26.46789360108797
 30
0.0
 40
1.899999999999895
  0
LINE
  5
10000565
102
{ACAD_XDICTIONARY
360
10000566
102
}
330
1F
100
AcDbEntity
  8
MODELSKETCH_VISIBLE
100
AcDbLine
 10
-24.29999999999998
 20
-34.3
 30
0.0
 11
-24.29999999999998
 21
-35.3
 31
0.0
  0
CIRCLE
  5
10000569
102
{ACAD_XDICTIONARY
360
1000056A
102
}
330
1F
100
AcDbEntity
  8
MODELSKETCH_VISIBLE
100
AcDbCircle
 10
-23.23670925107504
 20
-46.46789360108995
 30
0.0
 40
1.899999999999948
  0
CIRCLE
  5
1000056D
102
{ACAD_XDICTIONARY
360
1000056E
102
}
330
1F
100
AcDbEntity
  8
MODELSKETCH_VISIBLE
100
AcDbCircle
 10
23.26329074893135
 20
-14.86789360108389
 30
0.0
 40
1.899999999999949
  0
LINE
  5
10000571
102
{ACAD_XDICTIONARY
360
10000572
102
}
330
1F
100
AcDbEntity
  8
MODELSKETCH_VISIBLE
100
AcDbLine
 10
-22.19999999999998
 20
-24.29999999999999
 30
0.0
 11
-22.19999999999998
 21
-25.3
 31
0.0
  0
LINE
  5
10000575
102
{ACAD_XDICTIONARY
360
10000576
102
}
330
1F
100
AcDbEntity
  8
MODELSKETCH_VISIBLE
100
AcDbLine
 10
-24.29999999999998
 20
-24.29999999999999
 30
0.0
 11
-24.29999999999998
 21
-25.3
 31
0.0
  0
CIRCLE
  5
10000579
102
{ACAD_XDICTIONARY
360
1000057A
102
}
330
1F
100
AcDbEntity
  8
MODELSKETCH_VISIBLE
100
AcDbCircle
 10
23.26329074892008
 20
23.53210639891203
 30
0.0
 40
1.899999999999895
  0
SPLINE
  5
1000057D
102
{ACAD_XDICTIONARY
360
1000057E
102
}
330
1F
100
AcDbEntity
  8
MODELSKETCH_VISIBLE
100
AcDbSpline
210
0.0
220
0.0
230
1.0
 70
    12
 71
     3
 72
     8
 73
     4
 74
     0
 42
0.0000000001
 43
0.00000001
 40
0.0
 40
0.0
 40
0.0
 40
0.0
 40
1.0
 40
1.0
 40
1.0
 40
1.0
 10
-24.29999999999998
 20
-25.3
 30
0.0
 41
1.0
 10
-24.29999979421213
 20
-27.39999958842429
 30
0.0
 41
0.3333333986628211
 10
-22.20000020578783
 20
-27.39999958842429
 30
0.0
 41
0.3333333986628211
 10
-22.19999999999999
 20
-25.3
 30
0.0
 41
1.0
  0
CIRCLE
  5
10000581
102
{ACAD_XDICTIONARY
360
10000582
102
}
330
1F
100
AcDbEntity
  8
MODELSKETCH_VISIBLE
100
AcDbCircle
 10
-5.384999999999978
 20
42.1
 30
0.0
 40
0.8000000000000004
  0
LINE
  5
10000585
102
{ACAD_XDICTIONARY
360
10000586
102
}
330
1F
100
AcDbEntity
  8
MODELSKETCH_VISIBLE
100
AcDbLine
 10
41.50000000000001
 20
48.0
 30
0.0
 11
41.50000000000001
 21
-48.0
 31
0.0
  0
ARC
  5
10000589
102
{ACAD_XDICTIONARY
360
1000058A
102
}
330
1F
100
AcDbEntity
  8
MODELSKETCH_VISIBLE
100
AcDbCircle
 10
39.50000000000001
 20
-48.0
 30
0.0
 40
2.0
100
AcDbArc
 50
270.0
 51
0.0
  0
CIRCLE
  5
1000058D
102
{ACAD_XDICTIONARY
360
1000058E
102
}
330
1F
100
AcDbEntity
  8
MODELSKETCH_VISIBLE
100
AcDbCircle
 10
10.09999999999802
 20
-5.099999999999511
 30
0.0
 40
1.9
  0
LINE
  5
10000591
102
{ACAD_XDICTIONARY
360
10000592
102
}
330
1F
100
AcDbEntity
  8
MODELSKETCH_VISIBLE
100
AcDbLine
 10
39.50000000000001
 20
-50.0
 30
0.0
 11
-39.49999999999999
 21
-50.0
 31
0.0
  0
CIRCLE
  5
10000595
102
{ACAD_XDICTIONARY
360
10000596
102
}
330
1F
100
AcDbEntity
  8
MODELSKETCH_VISIBLE
100
AcDbCircle
 10
-39.50000000000001
 20
45.00000000000001
 30
0.0
 40
1.300000000000002
  0
SPLINE
  5
10000599
102
{ACAD_XDICTIONARY
360
1000059A
102
}
330
1F
100
AcDbEntity
  8
MODELSKETCH_VISIBLE
100
AcDbSpline
210
0.0
220
0.0
230
1.0
 70
    12
 71
     3
 72
     8
 73
     4
 74
     0
 42
0.0000000001
 43
0.00000001
 40
0.0
 40
0.0
 40
0.0
 40
0.0
 40
1.0
 40
1.0
 40
1.0
 40
1.0
 10
-24.29999999999998
 20
-35.3
 30
0.0
 41
1.0
 10
-24.29999979421213
 20
-37.39999958842429
 30
0.0
 41
0.3333333986628211
 10
-22.20000020578783
 20
-37.39999958842429
 30
0.0
 41
0.3333333986628211
 10
-22.19999999999999
 20
-35.3
 30
0.0
 41
1.0
  0
ARC
  5
1000059D
102
{ACAD_XDICTIONARY
360
1000059E
102
}
330
1F
100
AcDbEntity
  8
MODELSKETCH_VISIBLE
100
AcDbCircle
 10
23.25000000000002
 20
-24.29999999999999
 30
0.0
 40
1.049999999999999
100
AcDbArc
 50
0.0
 51
180.0
  0
CIRCLE
  5
100005A1
102
{ACAD_XDICTIONARY
360
100005A2
102
}
330
1F
100
AcDbEntity
  8
MODELSKETCH_VISIBLE
100
AcDbCircle
 10
23.26329074893928
 20
3.532106398913563
 30
0.0
 40
1.899999999999948
  0
LINE
  5
100005A5
102
{ACAD_XDICTIONARY
360
100005A6
102
}
330
1F
100
AcDbEntity
  8
MODELSKETCH_VISIBLE
100
AcDbLine
 10
22.20000000000002
 20
-34.3
 30
0.0
 11
22.20000000000002
 21
-35.3
 31
0.0
  0
ARC
  5
100005A9
102
{ACAD_XDICTIONARY
360
100005AA
102
}
330
1F
100
AcDbEntity
  8
MODELSKETCH_VISIBLE
100
AcDbCircle
 10
-10.10000000000015
 20
-6.300000000000063
 30
0.0
 40
1.05
100
AcDbArc
 50
0.0
 51
180.0000000000023
  0
LINE
  5
100005AD
102
{ACAD_XDICTIONARY
360
100005AE
102
}
330
1F
100
AcDbEntity
  8
MODELSKETCH_VISIBLE
100
AcDbLine
 10
-26.05000000000016
 20
-7.300000000000022
 30
0.0
 11
-26.05000000000016
 21
-6.29999999999963
 31
0.0
  0
CIRCLE
  5
100005B1
102
{ACAD_XDICTIONARY
360
100005B2
102
}
330
1F
100
AcDbEntity
  8
MODELSKETCH_VISIBLE
100
AcDbCircle
 10
23.24999999999921
 20
4.900000000002589
 30
0.0
 40
1.9
  0
ARC
  5
100005B5
102
{ACAD_XDICTIONARY
360
100005B6
102
}
330
1F
100
AcDbEntity
  8
MODELSKETCH_VISIBLE
100
AcDbCircle
 10
-27.10000000000016
 20
-7.300000000000022
 30
0.0
 40
1.049999999999999
100
AcDbArc
 50
188.9734083923266
 51
0.0
  0
ARC
  5
100005B9
102
{ACAD_XDICTIONARY
360
100005BA
102
}
330
1F
100
AcDbEntity
  8
MODELSKETCH_VISIBLE
100
AcDbCircle
 10
3.099999999999961
 20
-6.300000191072505
 30
0.0
 40
1.05
100
AcDbArc
 50
0.0
 51
180.0
  0
ARC
  5
100005BD
102
{ACAD_XDICTIONARY
360
100005BE
102
}
330
1F
100
AcDbEntity
  8
MODELSKETCH_VISIBLE
100
AcDbCircle
 10
20.1
 20
-7.299999999999883
 30
0.0
 40
1.049999999999999
100
AcDbArc
 50
179.9999999999932
 51
0.0
  0
ARC
  5
100005C1
102
{ACAD_XDICTIONARY
360
100005C2
102
}
330
1F
100
AcDbEntity
  8
MODELSKETCH_VISIBLE
100
AcDbCircle
 10
20.1
 20
3.700000000000037
 30
0.0
 40
1.049999999999999
100
AcDbArc
 50
0.0
 51
180.0
  0
ENDSEC
  0
SECTION
  2
OBJECTS
  0
DICTIONARY
  5
C
330
0
100
AcDbDictionary
  3
ACAD_GROUP
350
D
  3
ACAD_LAYOUT
350
1A
  3
ACAD_MATERIAL
350
43
  3
ACAD_MLEADERSTYLE
350
5B
  3
ACAD_MLINESTYLE
350
17
  3
ACAD_PLOTSETTINGS
350
19
  3
ACAD_SCALELIST
350
47
  3
ACAD_VISUALSTYLE
350
2A
  3
ACDBHEADERROUNDTRIPXREC
350
100005C7
  3
ACDBVARIABLEDICTIONARY
350
100005E8
  3
DWGPROPS
350
100005F3
  3
ONSHAPE_DATA
350
10000001
  0
DICTIONARY
  5
100005F4
330
8
100
AcDbDictionary
280
     1
  3
ACAD_XREC_ROUNDTRIP
360
100005F5
  0
DICTIONARY
  5
100005C5
330
1F
100
AcDbDictionary
280
     1
  3
ACAD_SORTENTS
360
100005C6
  0
DICTIONARY
  5
1000005A
330
10000059
100
AcDbDictionary
280
     1
  3
BTDETID
360
1000005B
  3
BTPARTID
360
1000005C
  0
DICTIONARY
  5
1000005E
330
1000005D
100
AcDbDictionary
280
     1
  3
BTDETID
360
1000005F
  3
BTPARTID
360
10000060
  0
DICTIONARY
  5
10000062
330
10000061
100
AcDbDictionary
280
     1
  3
BTDETID
360
10000063
  3
BTPARTID
360
10000064
  0
DICTIONARY
  5
10000066
330
10000065
100
AcDbDictionary
280
     1
  3
BTDETID
360
10000067
  3
BTPARTID
360
10000068
  0
DICTIONARY
  5
1000006A
330
10000069
100
AcDbDictionary
280
     1
  3
BTDETID
360
1000006B
  3
BTPARTID
360
1000006C
  0
DICTIONARY
  5
1000006E
330
1000006D
100
AcDbDictionary
280
     1
  3
BTDETID
360
1000006F
  3
BTPARTID
360
10000070
  0
DICTIONARY
  5
10000072
330
10000071
100
AcDbDictionary
280
     1
  3
BTDETID
360
10000073
  3
BTPARTID
360
10000074
  0
DICTIONARY
  5
10000076
330
10000075
100
AcDbDictionary
280
     1
  3
BTDETID
360
10000077
  3
BTPARTID
360
10000078
  0
DICTIONARY
  5
1000007A
330
10000079
100
AcDbDictionary
280
     1
  3
BTDETID
360
1000007B
  3
BTPARTID
360
1000007C
  0
DICTIONARY
  5
1000007E
330
1000007D
100
AcDbDictionary
280
     1
  3
BTDETID
360
1000007F
  3
BTPARTID
360
10000080
  0
DICTIONARY
  5
10000082
330
10000081
100
AcDbDictionary
280
     1
  3
BTDETID
360
10000083
  3
BTPARTID
360
10000084
  0
DICTIONARY
  5
10000086
330
10000085
100
AcDbDictionary
280
     1
  3
BTDETID
360
10000087
  3
BTPARTID
360
10000088
  0
DICTIONARY
  5
1000008A
330
10000089
100
AcDbDictionary
280
     1
  3
BTDETID
360
1000008B
  3
BTPARTID
360
1000008C
  0
DICTIONARY
  5
1000008E
330
1000008D
100
AcDbDictionary
280
     1
  3
BTDETID
360
1000008F
  3
BTPARTID
360
10000090
  0
DICTIONARY
  5
10000092
330
10000091
100
AcDbDictionary
280
     1
  3
BTDETID
360
10000093
  3
BTPARTID
360
10000094
  0
DICTIONARY
  5
10000096
330
10000095
100
AcDbDictionary
280
     1
  3
BTDETID
360
10000097
  3
BTPARTID
360
10000098
  0
DICTIONARY
  5
1000009A
330
10000099
100
AcDbDictionary
280
     1
  3
BTDETID
360
1000009B
  3
BTPARTID
360
1000009C
  0
DICTIONARY
  5
1000009E
330
1000009D
100
AcDbDictionary
280
     1
  3
BTDETID
360
1000009F
  3
BTPARTID
360
100000A0
  0
DICTIONARY
  5
100000A2
330
100000A1
100
AcDbDictionary
280
     1
  3
BTDETID
360
100000A3
  3
BTPARTID
360
100000A4
  0
DICTIONARY
  5
100000A6
330
100000A5
100
AcDbDictionary
280
     1
  3
BTDETID
360
100000A7
  3
BTPARTID
360
100000A8
  0
DICTIONARY
  5
100000AA
330
100000A9
100
AcDbDictionary
280
     1
  3
BTDETID
360
100000AB
  3
BTPARTID
360
100000AC
  0
DICTIONARY
  5
100000AE
330
100000AD
100
AcDbDictionary
280
     1
  3
BTDETID
360
100000AF
  3
BTPARTID
360
100000B0
  0
DICTIONARY
  5
100000B2
330
100000B1
100
AcDbDictionary
280
     1
  3
BTDETID
360
100000B3
  3
BTPARTID
360
100000B4
  0
DICTIONARY
  5
100000B6
330
100000B5
100
AcDbDictionary
280
     1
  3
BTDETID
360
100000B7
  3
BTPARTID
360
100000B8
  0
DICTIONARY
  5
100000BA
330
100000B9
100
AcDbDictionary
280
     1
  3
BTDETID
360
100000BB
  3
BTPARTID
360
100000BC
  0
DICTIONARY
  5
100000BE
330
100000BD
100
AcDbDictionary
280
     1
  3
BTDETID
360
100000BF
  3
BTPARTID
360
100000C0
  0
DICTIONARY
  5
100000C2
330
100000C1
100
AcDbDictionary
280
     1
  3
BTDETID
360
100000C3
  3
BTPARTID
360
100000C4
  0
DICTIONARY
  5
100000C6
330
100000C5
100
AcDbDictionary
280
     1
  3
BTDETID
360
100000C7
  3
BTPARTID
360
100000C8
  0
DICTIONARY
  5
100000CA
330
100000C9
100
AcDbDictionary
280
     1
  3
BTDETID
360
100000CB
  3
BTPARTID
360
100000CC
  0
DICTIONARY
  5
100000CE
330
100000CD
100
AcDbDictionary
280
     1
  3
BTDETID
360
100000CF
  3
BTPARTID
360
100000D0
  0
DICTIONARY
  5
100000D2
330
100000D1
100
AcDbDictionary
280
     1
  3
BTDETID
360
100000D3
  3
BTPARTID
360
100000D4
  0
DICTIONARY
  5
100000D6
330
100000D5
100
AcDbDictionary
280
     1
  3
BTDETID
360
100000D7
  3
BTPARTID
360
100000D8
  0
DICTIONARY
  5
100000DA
330
100000D9
100
AcDbDictionary
280
     1
  3
BTDETID
360
100000DB
  3
BTPARTID
360
100000DC
  0
DICTIONARY
  5
100000DE
330
100000DD
100
AcDbDictionary
280
     1
  3
BTDETID
360
100000DF
  3
BTPARTID
360
100000E0
  0
DICTIONARY
  5
100000E2
330
100000E1
100
AcDbDictionary
280
     1
  3
BTDETID
360
100000E3
  3
BTPARTID
360
100000E4
  0
DICTIONARY
  5
100000E6
330
100000E5
100
AcDbDictionary
280
     1
  3
BTDETID
360
100000E7
  3
BTPARTID
360
100000E8
  0
DICTIONARY
  5
100000EA
330
100000E9
100
AcDbDictionary
280
     1
  3
BTDETID
360
100000EB
  3
BTPARTID
360
100000EC
  0
DICTIONARY
  5
100000EE
330
100000ED
100
AcDbDictionary
280
     1
  3
BTDETID
360
100000EF
  3
BTPARTID
360
100000F0
  0
DICTIONARY
  5
100000F2
330
100000F1
100
AcDbDictionary
280
     1
  3
BTDETID
360
100000F3
  3
BTPARTID
360
100000F4
  0
DICTIONARY
  5
100000F6
330
100000F5
100
AcDbDictionary
280
     1
  3
BTDETID
360
100000F7
  3
BTPARTID
360
100000F8
  0
DICTIONARY
  5
100000FA
330
100000F9
100
AcDbDictionary
280
     1
  3
BTDETID
360
100000FB
  3
BTPARTID
360
100000FC
  0
DICTIONARY
  5
100000FE
330
100000FD
100
AcDbDictionary
280
     1
  3
BTDETID
360
100000FF
  3
BTPARTID
360
10000100
  0
DICTIONARY
  5
10000102
330
10000101
100
AcDbDictionary
280
     1
  3
BTDETID
360
10000103
  3
BTPARTID
360
10000104
  0
DICTIONARY
  5
10000106
330
10000105
100
AcDbDictionary
280
     1
  3
BTDETID
360
10000107
  3
BTPARTID
360
10000108
  0
DICTIONARY
  5
1000010A
330
10000109
100
AcDbDictionary
280
     1
  3
BTDETID
360
1000010B
  3
BTPARTID
360
1000010C
  0
DICTIONARY
  5
1000010E
330
1000010D
100
AcDbDictionary
280
     1
  3
BTDETID
360
1000010F
  3
BTPARTID
360
10000110
  0
DICTIONARY
  5
10000112
330
10000111
100
AcDbDictionary
280
     1
  3
BTDETID
360
10000113
  3
BTPARTID
360
10000114
  0
DICTIONARY
  5
10000116
330
10000115
100
AcDbDictionary
280
     1
  3
BTDETID
360
10000117
  3
BTPARTID
360
10000118
  0
DICTIONARY
  5
1000011A
330
10000119
100
AcDbDictionary
280
     1
  3
BTDETID
360
1000011B
  3
BTPARTID
360
1000011C
  0
DICTIONARY
  5
1000011E
330
1000011D
100
AcDbDictionary
280
     1
  3
BTDETID
360
1000011F
  3
BTPARTID
360
10000120
  0
DICTIONARY
  5
10000122
330
10000121
100
AcDbDictionary
280
     1
  3
BTDETID
360
10000123
  3
BTPARTID
360
10000124
  0
DICTIONARY
  5
10000126
330
10000125
100
AcDbDictionary
280
     1
  3
BTDETID
360
10000127
  3
BTPARTID
360
10000128
  0
DICTIONARY
  5
1000012A
330
10000129
100
AcDbDictionary
280
     1
  3
BTDETID
360
1000012B
  3
BTPARTID
360
1000012C
  0
DICTIONARY
  5
1000012E
330
1000012D
100
AcDbDictionary
280
     1
  3
BTDETID
360
1000012F
  3
BTPARTID
360
10000130
  0
DICTIONARY
  5
10000132
330
10000131
100
AcDbDictionary
280
     1
  3
BTDETID
360
10000133
  3
BTPARTID
360
10000134
  0
DICTIONARY
  5
10000136
330
10000135
100
AcDbDictionary
280
     1
  3
BTDETID
360
10000137
  3
BTPARTID
360
10000138
  0
DICTIONARY
  5
1000013A
330
10000139
100
AcDbDictionary
280
     1
  3
BTDETID
360
1000013B
  3
BTPARTID
360
1000013C
  0
DICTIONARY
  5
1000013E
330
1000013D
100
AcDbDictionary
280
     1
  3
BTDETID
360
1000013F
  3
BTPARTID
360
10000140
  0
DICTIONARY
  5
10000142
330
10000141
100
AcDbDictionary
280
     1
  3
BTDETID
360
10000143
  3
BTPARTID
360
10000144
  0
DICTIONARY
  5
10000146
330
10000145
100
AcDbDictionary
280
     1
  3
BTDETID
360
10000147
  3
BTPARTID
360
10000148
  0
DICTIONARY
  5
1000014A
330
10000149
100
AcDbDictionary
280
     1
  3
BTDETID
360
1000014B
  3
BTPARTID
360
1000014C
  0
DICTIONARY
  5
1000014E
330
1000014D
100
AcDbDictionary
280
     1
  3
BTDETID
360
1000014F
  3
BTPARTID
360
10000150
  0
DICTIONARY
  5
10000152
330
10000151
100
AcDbDictionary
280
     1
  3
BTDETID
360
10000153
  3
BTPARTID
360
10000154
  0
DICTIONARY
  5
10000156
330
10000155
100
AcDbDictionary
280
     1
  3
BTDETID
360
10000157
  3
BTPARTID
360
10000158
  0
DICTIONARY
  5
1000015A
330
10000159
100
AcDbDictionary
280
     1
  3
BTDETID
360
1000015B
  3
BTPARTID
360
1000015C
  0
DICTIONARY
  5
1000015E
330
1000015D
100
AcDbDictionary
280
     1
  3
BTDETID
360
1000015F
  3
BTPARTID
360
10000160
  0
DICTIONARY
  5
10000162
330
10000161
100
AcDbDictionary
280
     1
  3
BTDETID
360
10000163
  3
BTPARTID
360
10000164
  0
DICTIONARY
  5
10000166
330
10000165
100
AcDbDictionary
280
     1
  3
BTDETID
360
10000167
  3
BTPARTID
360
10000168
  0
DICTIONARY
  5
1000016A
330
10000169
100
AcDbDictionary
280
     1
  3
BTDETID
360
1000016B
  3
BTPARTID
360
1000016C
  0
DICTIONARY
  5
1000016E
330
1000016D
100
AcDbDictionary
280
     1
  3
BTDETID
360
1000016F
  3
BTPARTID
360
10000170
  0
DICTIONARY
  5
10000172
330
10000171
100
AcDbDictionary
280
     1
  3
BTDETID
360
10000173
  3
BTPARTID
360
10000174
  0
DICTIONARY
  5
10000176
330
10000175
100
AcDbDictionary
280
     1
  3
BTDETID
360
10000177
  3
BTPARTID
360
10000178
  0
DICTIONARY
  5
1000017A
330
10000179
100
AcDbDictionary
280
     1
  3
BTDETID
360
1000017B
  3
BTPARTID
360
1000017C
  0
DICTIONARY
  5
1000017E
330
1000017D
100
AcDbDictionary
280
     1
  3
BTDETID
360
1000017F
  3
BTPARTID
360
10000180
  0
DICTIONARY
  5
10000182
330
10000181
100
AcDbDictionary
280
     1
  3
BTDETID
360
10000183
  3
BTPARTID
360
10000184
  0
DICTIONARY
  5
10000186
330
10000185
100
AcDbDictionary
280
     1
  3
BTDETID
360
10000187
  3
BTPARTID
360
10000188
  0
DICTIONARY
  5
1000018A
330
10000189
100
AcDbDictionary
280
     1
  3
BTDETID
360
1000018B
  3
BTPARTID
360
1000018C
  0
DICTIONARY
  5
1000018E
330
1000018D
100
AcDbDictionary
280
     1
  3
BTDETID
360
1000018F
  3
BTPARTID
360
10000190
  0
DICTIONARY
  5
10000192
330
10000191
100
AcDbDictionary
280
     1
  3
BTDETID
360
10000193
  3
BTPARTID
360
10000194
  0
DICTIONARY
  5
10000196
330
10000195
100
AcDbDictionary
280
     1
  3
BTDETID
360
10000197
  3
BTPARTID
360
10000198
  0
DICTIONARY
  5
1000019A
330
10000199
100
AcDbDictionary
280
     1
  3
BTDETID
360
1000019B
  3
BTPARTID
360
1000019C
  0
DICTIONARY
  5
1000019E
330
1000019D
100
AcDbDictionary
280
     1
  3
BTDETID
360
1000019F
  3
BTPARTID
360
100001A0
  0
DICTIONARY
  5
100001A2
330
100001A1
100
AcDbDictionary
280
     1
  3
BTDETID
360
100001A3
  3
BTPARTID
360
100001A4
  0
DICTIONARY
  5
100001A6
330
100001A5
100
AcDbDictionary
280
     1
  3
BTDETID
360
100001A7
  3
BTPARTID
360
100001A8
  0
DICTIONARY
  5
100001AA
330
100001A9
100
AcDbDictionary
280
     1
  3
BTDETID
360
100001AB
  3
BTPARTID
360
100001AC
  0
DICTIONARY
  5
100001AE
330
100001AD
100
AcDbDictionary
280
     1
  3
BTDETID
360
100001AF
  3
BTPARTID
360
100001B0
  0
DICTIONARY
  5
100001B2
330
100001B1
100
AcDbDictionary
280
     1
  3
BTDETID
360
100001B3
  3
BTPARTID
360
100001B4
  0
DICTIONARY
  5
100001B6
330
100001B5
100
AcDbDictionary
280
     1
  3
BTDETID
360
100001B7
  3
BTPARTID
360
100001B8
  0
DICTIONARY
  5
100001BA
330
100001B9
100
AcDbDictionary
280
     1
  3
BTDETID
360
100001BB
  3
BTPARTID
360
100001BC
  0
DICTIONARY
  5
100001BE
330
100001BD
100
AcDbDictionary
280
     1
  3
BTDETID
360
100001BF
  3
BTPARTID
360
100001C0
  0
DICTIONARY
  5
100001C2
330
100001C1
100
AcDbDictionary
280
     1
  3
BTDETID
360
100001C3
  3
BTPARTID
360
100001C4
  0
DICTIONARY
  5
100001C6
330
100001C5
100
AcDbDictionary
280
     1
  3
BTDETID
360
100001C7
  3
BTPARTID
360
100001C8
  0
DICTIONARY
  5
100001CA
330
100001C9
100
AcDbDictionary
280
     1
  3
BTDETID
360
100001CB
  3
BTPARTID
360
100001CC
  0
DICTIONARY
  5
100001CE
330
100001CD
100
AcDbDictionary
280
     1
  3
BTDETID
360
100001CF
  3
BTPARTID
360
100001D0
  0
DICTIONARY
  5
100001D2
330
100001D1
100
AcDbDictionary
280
     1
  3
BTDETID
360
100001D3
  3
BTPARTID
360
100001D4
  0
DICTIONARY
  5
100001D6
330
100001D5
100
AcDbDictionary
280
     1
  3
BTDETID
360
100001D7
  3
BTPARTID
360
100001D8
  0
DICTIONARY
  5
100001DA
330
100001D9
100
AcDbDictionary
280
     1
  3
BTDETID
360
100001DB
  3
BTPARTID
360
100001DC
  0
DICTIONARY
  5
100001DE
330
100001DD
100
AcDbDictionary
280
     1
  3
BTDETID
360
100001DF
  3
BTPARTID
360
100001E0
  0
DICTIONARY
  5
100001E2
330
100001E1
100
AcDbDictionary
280
     1
  3
BTDETID
360
100001E3
  3
BTPARTID
360
100001E4
  0
DICTIONARY
  5
100001E6
330
100001E5
100
AcDbDictionary
280
     1
  3
BTDETID
360
100001E7
  3
BTPARTID
360
100001E8
  0
DICTIONARY
  5
100001EA
330
100001E9
100
AcDbDictionary
280
     1
  3
BTDETID
360
100001EB
  3
BTPARTID
360
100001EC
  0
DICTIONARY
  5
100001EE
330
100001ED
100
AcDbDictionary
280
     1
  3
BTDETID
360
100001EF
  3
BTPARTID
360
100001F0
  0
DICTIONARY
  5
100001F2
330
100001F1
100
AcDbDictionary
280
     1
  3
BTDETID
360
100001F3
  3
BTPARTID
360
100001F4
  0
DICTIONARY
  5
100001F6
330
100001F5
100
AcDbDictionary
280
     1
  3
BTDETID
360
100001F7
  3
BTPARTID
360
100001F8
  0
DICTIONARY
  5
100001FA
330
100001F9
100
AcDbDictionary
280
     1
  3
BTDETID
360
100001FB
  3
BTPARTID
360
100001FC
  0
DICTIONARY
  5
100001FE
330
100001FD
100
AcDbDictionary
280
     1
  3
BTDETID
360
100001FF
  3
BTPARTID
360
10000200
  0
DICTIONARY
  5
10000202
330
10000201
100
AcDbDictionary
280
     1
  3
BTDETID
360
10000203
  3
BTPARTID
360
10000204
  0
DICTIONARY
  5
10000206
330
10000205
100
AcDbDictionary
280
     1
  3
BTDETID
360
10000207
  3
BTPARTID
360
10000208
  0
DICTIONARY
  5
1000020A
330
10000209
100
AcDbDictionary
280
     1
  3
BTDETID
360
1000020B
  3
BTPARTID
360
1000020C
  0
DICTIONARY
  5
1000020E
330
1000020D
100
AcDbDictionary
280
     1
  3
BTDETID
360
1000020F
  3
BTPARTID
360
10000210
  0
DICTIONARY
  5
10000212
330
10000211
100
AcDbDictionary
280
     1
  3
BTDETID
360
10000213
  3
BTPARTID
360
10000214
  0
DICTIONARY
  5
10000216
330
10000215
100
AcDbDictionary
280
     1
  3
BTDETID
360
10000217
  3
BTPARTID
360
10000218
  0
DICTIONARY
  5
1000021A
330
10000219
100
AcDbDictionary
280
     1
  3
BTDETID
360
1000021B
  3
BTPARTID
360
1000021C
  0
DICTIONARY
  5
1000021E
330
1000021D
100
AcDbDictionary
280
     1
  3
BTDETID
360
1000021F
  3
BTPARTID
360
10000220
  0
DICTIONARY
  5
10000222
330
10000221
100
AcDbDictionary
280
     1
  3
BTDETID
360
10000223
  3
BTPARTID
360
10000224
  0
DICTIONARY
  5
10000226
330
10000225
100
AcDbDictionary
280
     1
  3
BTDETID
360
10000227
  3
BTPARTID
360
10000228
  0
DICTIONARY
  5
1000022A
330
10000229
100
AcDbDictionary
280
     1
  3
BTDETID
360
1000022B
  3
BTPARTID
360
1000022C
  0
DICTIONARY
  5
1000022E
330
1000022D
100
AcDbDictionary
280
     1
  3
BTDETID
360
1000022F
  3
BTPARTID
360
10000230
  0
DICTIONARY
  5
10000232
330
10000231
100
AcDbDictionary
280
     1
  3
BTDETID
360
10000233
  3
BTPARTID
360
10000234
  0
DICTIONARY
  5
10000236
330
10000235
100
AcDbDictionary
280
     1
  3
BTDETID
360
10000237
  3
BTPARTID
360
10000238
  0
DICTIONARY
  5
1000023A
330
10000239
100
AcDbDictionary
280
     1
  3
BTDETID
360
1000023B
  3
BTPARTID
360
1000023C
  0
DICTIONARY
  5
1000023E
330
1000023D
100
AcDbDictionary
280
     1
  3
BTDETID
360
1000023F
  3
BTPARTID
360
10000240
  0
DICTIONARY
  5
10000242
330
10000241
100
AcDbDictionary
280
     1
  3
BTDETID
360
10000243
  3
BTPARTID
360
10000244
  0
DICTIONARY
  5
10000246
330
10000245
100
AcDbDictionary
280
     1
  3
BTDETID
360
10000247
  3
BTPARTID
360
10000248
  0
DICTIONARY
  5
1000024A
330
10000249
100
AcDbDictionary
280
     1
  3
BTDETID
360
1000024B
  3
BTPARTID
360
1000024C
  0
DICTIONARY
  5
1000024E
330
1000024D
100
AcDbDictionary
280
     1
  3
BTDETID
360
1000024F
  3
BTPARTID
360
10000250
  0
DICTIONARY
  5
10000252
330
10000251
100
AcDbDictionary
280
     1
  3
BTDETID
360
10000253
  3
BTPARTID
360
10000254
  0
DICTIONARY
  5
10000256
330
10000255
100
AcDbDictionary
280
     1
  3
BTDETID
360
10000257
  3
BTPARTID
360
10000258
  0
DICTIONARY
  5
1000025A
330
10000259
100
AcDbDictionary
280
     1
  3
BTDETID
360
1000025B
  3
BTPARTID
360
1000025C
  0
DICTIONARY
  5
1000025E
330
1000025D
100
AcDbDictionary
280
     1
  3
BTDETID
360
1000025F
  3
BTPARTID
360
10000260
  0
DICTIONARY
  5
10000262
330
10000261
100
AcDbDictionary
280
     1
  3
BTDETID
360
10000263
  3
BTPARTID
360
10000264
  0
DICTIONARY
  5
10000266
330
10000265
100
AcDbDictionary
280
     1
  3
BTDETID
360
10000267
  3
BTPARTID
360
10000268
  0
DICTIONARY
  5
1000026A
330
10000269
100
AcDbDictionary
280
     1
  3
BTDETID
360
1000026B
  3
BTPARTID
360
1000026C
  0
DICTIONARY
  5
1000026E
330
1000026D
100
AcDbDictionary
280
     1
  3
BTDETID
360
1000026F
  3
BTPARTID
360
10000270
  0
DICTIONARY
  5
10000272
330
10000271
100
AcDbDictionary
280
     1
  3
BTDETID
360
10000273
  3
BTPARTID
360
10000274
  0
DICTIONARY
  5
10000276
330
10000275
100
AcDbDictionary
280
     1
  3
BTDETID
360
10000277
  3
BTPARTID
360
10000278
  0
DICTIONARY
  5
1000027A
330
10000279
100
AcDbDictionary
280
     1
  3
BTDETID
360
1000027B
  3
BTPARTID
360
1000027C
  0
DICTIONARY
  5
1000027E
330
1000027D
100
AcDbDictionary
280
     1
  3
BTDETID
360
1000027F
  3
BTPARTID
360
10000280
  0
DICTIONARY
  5
10000282
330
10000281
100
AcDbDictionary
280
     1
  3
BTDETID
360
10000283
  3
BTPARTID
360
10000284
  0
DICTIONARY
  5
10000286
330
10000285
100
AcDbDictionary
280
     1
  3
BTDETID
360
10000287
  3
BTPARTID
360
10000288
  0
DICTIONARY
  5
1000028A
330
10000289
100
AcDbDictionary
280
     1
  3
BTDETID
360
1000028B
  3
BTPARTID
360
1000028C
  0
DICTIONARY
  5
1000028E
330
1000028D
100
AcDbDictionary
280
     1
  3
BTDETID
360
1000028F
  3
BTPARTID
360
10000290
  0
DICTIONARY
  5
10000292
330
10000291
100
AcDbDictionary
280
     1
  3
BTDETID
360
10000293
  3
BTPARTID
360
10000294
  0
DICTIONARY
  5
10000296
330
10000295
100
AcDbDictionary
280
     1
  3
BTDETID
360
10000297
  3
BTPARTID
360
10000298
  0
DICTIONARY
  5
1000029A
330
10000299
100
AcDbDictionary
280
     1
  3
BTDETID
360
1000029B
  3
BTPARTID
360
1000029C
  0
DICTIONARY
  5
1000029E
330
1000029D
100
AcDbDictionary
280
     1
  3
BTDETID
360
1000029F
  3
BTPARTID
360
100002A0
  0
DICTIONARY
  5
100002A2
330
100002A1
100
AcDbDictionary
280
     1
  3
BTDETID
360
100002A3
  3
BTPARTID
360
100002A4
  0
DICTIONARY
  5
100002A6
330
100002A5
100
AcDbDictionary
280
     1
  3
BTDETID
360
100002A7
  3
BTPARTID
360
100002A8
  0
DICTIONARY
  5
100002AA
330
100002A9
100
AcDbDictionary
280
     1
  3
BTDETID
360
100002AB
  3
BTPARTID
360
100002AC
  0
DICTIONARY
  5
100002AE
330
100002AD
100
AcDbDictionary
280
     1
  3
BTDETID
360
100002AF
  3
BTPARTID
360
100002B0
  0
DICTIONARY
  5
100002B2
330
100002B1
100
AcDbDictionary
280
     1
  3
BTDETID
360
100002B3
  3
BTPARTID
360
100002B4
  0
DICTIONARY
  5
100002B6
330
100002B5
100
AcDbDictionary
280
     1
  3
BTDETID
360
100002B7
  3
BTPARTID
360
100002B8
  0
DICTIONARY
  5
100002BA
330
100002B9
100
AcDbDictionary
280
     1
  3
BTDETID
360
100002BB
  3
BTPARTID
360
100002BC
  0
DICTIONARY
  5
100002BE
330
100002BD
100
AcDbDictionary
280
     1
  3
BTDETID
360
100002BF
  3
BTPARTID
360
100002C0
  0
DICTIONARY
  5
100002C2
330
100002C1
100
AcDbDictionary
280
     1
  3
BTDETID
360
100002C3
  3
BTPARTID
360
100002C4
  0
DICTIONARY
  5
100002C6
330
100002C5
100
AcDbDictionary
280
     1
  3
BTDETID
360
100002C7
  3
BTPARTID
360
100002C8
  0
DICTIONARY
  5
100002CA
330
100002C9
100
AcDbDictionary
280
     1
  3
BTDETID
360
100002CB
  3
BTPARTID
360
100002CC
  0
DICTIONARY
  5
100002CE
330
100002CD
100
AcDbDictionary
280
     1
  3
BTDETID
360
100002CF
  3
BTPARTID
360
100002D0
  0
DICTIONARY
  5
100002D2
330
100002D1
100
AcDbDictionary
280
     1
  3
BTDETID
360
100002D3
  3
BTPARTID
360
100002D4
  0
DICTIONARY
  5
100002D6
330
100002D5
100
AcDbDictionary
280
     1
  3
BTDETID
360
100002D7
  3
BTPARTID
360
100002D8
  0
DICTIONARY
  5
100002DA
330
100002D9
100
AcDbDictionary
280
     1
  3
BTDETID
360
100002DB
  3
BTPARTID
360
100002DC
  0
DICTIONARY
  5
100002DE
330
100002DD
100
AcDbDictionary
280
     1
  3
BTDETID
360
100002DF
  3
BTPARTID
360
100002E0
  0
DICTIONARY
  5
100002E2
330
100002E1
100
AcDbDictionary
280
     1
  3
BTDETID
360
100002E3
  3
BTPARTID
360
100002E4
  0
DICTIONARY
  5
100002E6
330
100002E5
100
AcDbDictionary
280
     1
  3
BTDETID
360
100002E7
  3
BTPARTID
360
100002E8
  0
DICTIONARY
  5
100002EA
330
100002E9
100
AcDbDictionary
280
     1
  3
BTDETID
360
100002EB
  3
BTPARTID
360
100002EC
  0
DICTIONARY
  5
100002EE
330
100002ED
100
AcDbDictionary
280
     1
  3
BTDETID
360
100002EF
  3
BTPARTID
360
100002F0
  0
DICTIONARY
  5
100002F2
330
100002F1
100
AcDbDictionary
280
     1
  3
BTDETID
360
100002F3
  3
BTPARTID
360
100002F4
  0
DICTIONARY
  5
100002F6
330
100002F5
100
AcDbDictionary
280
     1
  3
BTDETID
360
100002F7
  3
BTPARTID
360
100002F8
  0
DICTIONARY
  5
100002FA
330
100002F9
100
AcDbDictionary
280
     1
  3
BTDETID
360
100002FB
  3
BTPARTID
360
100002FC
  0
DICTIONARY
  5
100002FE
330
100002FD
100
AcDbDictionary
280
     1
  3
BTDETID
360
100002FF
  3
BTPARTID
360
10000300
  0
DICTIONARY
  5
10000302
330
10000301
100
AcDbDictionary
280
     1
  3
BTDETID
360
10000303
  3
BTPARTID
360
10000304
  0
DICTIONARY
  5
10000306
330
10000305
100
AcDbDictionary
280
     1
  3
BTDETID
360
10000307
  3
BTPARTID
360
10000308
  0
DICTIONARY
  5
1000030A
330
10000309
100
AcDbDictionary
280
     1
  3
BTDETID
360
1000030B
  3
BTPARTID
360
1000030C
  0
DICTIONARY
  5
1000030E
330
1000030D
100
AcDbDictionary
280
     1
  3
BTDETID
360
1000030F
  3
BTPARTID
360
10000310
  0
DICTIONARY
  5
10000312
330
10000311
100
AcDbDictionary
280
     1
  3
BTDETID
360
10000313
  3
BTPARTID
360
10000314
  0
DICTIONARY
  5
10000316
330
10000315
100
AcDbDictionary
280
     1
  3
BTDETID
360
10000317
  3
BTPARTID
360
10000318
  0
DICTIONARY
  5
1000031A
330
10000319
100
AcDbDictionary
280
     1
  3
BTDETID
360
1000031B
  3
BTPARTID
360
1000031C
  0
DICTIONARY
  5
1000031E
330
1000031D
100
AcDbDictionary
280
     1
  3
BTDETID
360
1000031F
  3
BTPARTID
360
10000320
  0
DICTIONARY
  5
10000322
330
10000321
100
AcDbDictionary
280
     1
  3
BTDETID
360
10000323
  3
BTPARTID
360
10000324
  0
DICTIONARY
  5
10000326
330
10000325
100
AcDbDictionary
280
     1
  3
BTDETID
360
10000327
  3
BTPARTID
360
10000328
  0
DICTIONARY
  5
1000032A
330
10000329
100
AcDbDictionary
280
     1
  3
BTDETID
360
1000032B
  3
BTPARTID
360
1000032C
  0
DICTIONARY
  5
1000032E
330
1000032D
100
AcDbDictionary
280
     1
  3
BTDETID
360
1000032F
  3
BTPARTID
360
10000330
  0
DICTIONARY
  5
10000332
330
10000331
100
AcDbDictionary
280
     1
  3
BTDETID
360
10000333
  3
BTPARTID
360
10000334
  0
DICTIONARY
  5
10000336
330
10000335
100
AcDbDictionary
280
     1
  3
BTDETID
360
10000337
  3
BTPARTID
360
10000338
  0
DICTIONARY
  5
1000033A
330
10000339
100
AcDbDictionary
280
     1
  3
BTDETID
360
1000033B
  3
BTPARTID
360
1000033C
  0
DICTIONARY
  5
1000033E
330
1000033D
100
AcDbDictionary
280
     1
  3
BTDETID
360
1000033F
  3
BTPARTID
360
10000340
  0
DICTIONARY
  5
10000342
330
10000341
100
AcDbDictionary
280
     1
  3
BTDETID
360
10000343
  3
BTPARTID
360
10000344
  0
DICTIONARY
  5
10000346
330
10000345
100
AcDbDictionary
280
     1
  3
BTDETID
360
10000347
  3
BTPARTID
360
10000348
  0
DICTIONARY
  5
1000034A
330
10000349
100
AcDbDictionary
280
     1
  3
BTDETID
360
1000034B
  3
BTPARTID
360
1000034C
  0
DICTIONARY
  5
1000034E
330
1000034D
100
AcDbDictionary
280
     1
  3
BTDETID
360
1000034F
  3
BTPARTID
360
10000350
  0
DICTIONARY
  5
10000352
330
10000351
100
AcDbDictionary
280
     1
  3
BTDETID
360
10000353
  3
BTPARTID
360
10000354
  0
DICTIONARY
  5
10000356
330
10000355
100
AcDbDictionary
280
     1
  3
BTDETID
360
10000357
  3
BTPARTID
360
10000358
  0
DICTIONARY
  5
1000035A
330
10000359
100
AcDbDictionary
280
     1
  3
BTDETID
360
1000035B
  3
BTPARTID
360
1000035C
  0
DICTIONARY
  5
1000035E
330
1000035D
100
AcDbDictionary
280
     1
  3
BTDETID
360
1000035F
  3
BTPARTID
360
10000360
  0
DICTIONARY
  5
10000362
330
10000361
100
AcDbDictionary
280
     1
  3
BTDETID
360
10000363
  3
BTPARTID
360
10000364
  0
DICTIONARY
  5
10000366
330
10000365
100
AcDbDictionary
280
     1
  3
BTDETID
360
10000367
  3
BTPARTID
360
10000368
  0
DICTIONARY
  5
1000036A
330
10000369
100
AcDbDictionary
280
     1
  3
BTDETID
360
1000036B
  3
BTPARTID
360
1000036C
  0
DICTIONARY
  5
1000036E
330
1000036D
100
AcDbDictionary
280
     1
  3
BTDETID
360
1000036F
  3
BTPARTID
360
10000370
  0
DICTIONARY
  5
10000372
330
10000371
100
AcDbDictionary
280
     1
  3
BTDETID
360
10000373
  3
BTPARTID
360
10000374
  0
DICTIONARY
  5
10000376
330
10000375
100
AcDbDictionary
280
     1
  3
BTDETID
360
10000377
  3
BTPARTID
360
10000378
  0
DICTIONARY
  5
1000037A
330
10000379
100
AcDbDictionary
280
     1
  3
BTDETID
360
1000037B
  3
BTPARTID
360
1000037C
  0
DICTIONARY
  5
1000037E
330
1000037D
100
AcDbDictionary
280
     1
  3
BTDETID
360
1000037F
  3
BTPARTID
360
10000380
  0
DICTIONARY
  5
10000382
330
10000381
100
AcDbDictionary
280
     1
  3
BTDETID
360
10000383
  3
BTPARTID
360
10000384
  0
DICTIONARY
  5
10000386
330
10000385
100
AcDbDictionary
280
     1
  3
BTDETID
360
10000387
  3
BTPARTID
360
10000388
  0
DICTIONARY
  5
1000038A
330
10000389
100
AcDbDictionary
280
     1
  3
BTDETID
360
1000038B
  3
BTPARTID
360
1000038C
  0
DICTIONARY
  5
1000038E
330
1000038D
100
AcDbDictionary
280
     1
  3
BTDETID
360
1000038F
  3
BTPARTID
360
10000390
  0
DICTIONARY
  5
10000392
330
10000391
100
AcDbDictionary
280
     1
  3
BTDETID
360
10000393
  3
BTPARTID
360
10000394
  0
DICTIONARY
  5
10000396
330
10000395
100
AcDbDictionary
280
     1
  3
BTDETID
360
10000397
  3
BTPARTID
360
10000398
  0
DICTIONARY
  5
1000039A
330
10000399
100
AcDbDictionary
280
     1
  3
BTDETID
360
1000039B
  3
BTPARTID
360
1000039C
  0
DICTIONARY
  5
1000039E
330
1000039D
100
AcDbDictionary
280
     1
  3
BTDETID
360
1000039F
  3
BTPARTID
360
100003A0
  0
DICTIONARY
  5
100003A2
330
100003A1
100
AcDbDictionary
280
     1
  3
BTDETID
360
100003A3
  3
BTPARTID
360
100003A4
  0
DICTIONARY
  5
100003A6
330
100003A5
100
AcDbDictionary
280
     1
  3
BTDETID
360
100003A7
  3
BTPARTID
360
100003A8
  0
DICTIONARY
  5
100003AA
330
100003A9
100
AcDbDictionary
280
     1
  3
BTDETID
360
100003AB
  3
BTPARTID
360
100003AC
  0
DICTIONARY
  5
100003AE
330
100003AD
100
AcDbDictionary
280
     1
  3
BTDETID
360
100003AF
  3
BTPARTID
360
100003B0
  0
DICTIONARY
  5
100003B2
330
100003B1
100
AcDbDictionary
280
     1
  3
BTDETID
360
100003B3
  3
BTPARTID
360
100003B4
  0
DICTIONARY
  5
100003B6
330
100003B5
100
AcDbDictionary
280
     1
  3
BTDETID
360
100003B7
  3
BTPARTID
360
100003B8
  0
DICTIONARY
  5
100003BA
330
100003B9
100
AcDbDictionary
280
     1
  3
BTDETID
360
100003BB
  3
BTPARTID
360
100003BC
  0
DICTIONARY
  5
100003BE
330
100003BD
100
AcDbDictionary
280
     1
  3
BTDETID
360
100003BF
  3
BTPARTID
360
100003C0
  0
DICTIONARY
  5
100003C2
330
100003C1
100
AcDbDictionary
280
     1
  3
BTDETID
360
100003C3
  3
BTPARTID
360
100003C4
  0
DICTIONARY
  5
100003C6
330
100003C5
100
AcDbDictionary
280
     1
  3
BTDETID
360
100003C7
  3
BTPARTID
360
100003C8
  0
DICTIONARY
  5
100003CA
330
100003C9
100
AcDbDictionary
280
     1
  3
BTDETID
360
100003CB
  3
BTPARTID
360
100003CC
  0
DICTIONARY
  5
100003CE
330
100003CD
100
AcDbDictionary
280
     1
  3
BTDETID
360
100003CF
  3
BTPARTID
360
100003D0
  0
DICTIONARY
  5
100003D2
330
100003D1
100
AcDbDictionary
280
     1
  3
BTDETID
360
100003D3
  3
BTPARTID
360
100003D4
  0
DICTIONARY
  5
100003D6
330
100003D5
100
AcDbDictionary
280
     1
  3
BTDETID
360
100003D7
  3
BTPARTID
360
100003D8
  0
DICTIONARY
  5
100003DA
330
100003D9
100
AcDbDictionary
280
     1
  3
BTDETID
360
100003DB
  3
BTPARTID
360
100003DC
  0
DICTIONARY
  5
100003DE
330
100003DD
100
AcDbDictionary
280
     1
  3
BTDETID
360
100003DF
  3
BTPARTID
360
100003E0
  0
DICTIONARY
  5
100003E2
330
100003E1
100
AcDbDictionary
280
     1
  3
BTDETID
360
100003E3
  3
BTPARTID
360
100003E4
  0
DICTIONARY
  5
100003E6
330
100003E5
100
AcDbDictionary
280
     1
  3
BTDETID
360
100003E7
  3
BTPARTID
360
100003E8
  0
DICTIONARY
  5
100003EA
330
100003E9
100
AcDbDictionary
280
     1
  3
BTDETID
360
100003EB
  3
BTPARTID
360
100003EC
  0
DICTIONARY
  5
100003EE
330
100003ED
100
AcDbDictionary
280
     1
  3
BTDETID
360
100003EF
  3
BTPARTID
360
100003F0
  0
DICTIONARY
  5
100003F2
330
100003F1
100
AcDbDictionary
280
     1
  3
BTDETID
360
100003F3
  3
BTPARTID
360
100003F4
  0
DICTIONARY
  5
100003F6
330
100003F5
100
AcDbDictionary
280
     1
  3
BTDETID
360
100003F7
  3
BTPARTID
360
100003F8
  0
DICTIONARY
  5
100003FA
330
100003F9
100
AcDbDictionary
280
     1
  3
BTDETID
360
100003FB
  3
BTPARTID
360
100003FC
  0
DICTIONARY
  5
100003FE
330
100003FD
100
AcDbDictionary
280
     1
  3
BTDETID
360
100003FF
  3
BTPARTID
360
10000400
  0
DICTIONARY
  5
10000402
330
10000401
100
AcDbDictionary
280
     1
  3
BTDETID
360
10000403
  3
BTPARTID
360
10000404
  0
DICTIONARY
  5
10000406
330
10000405
100
AcDbDictionary
280
     1
  3
BTDETID
360
10000407
  3
BTPARTID
360
10000408
  0
DICTIONARY
  5
1000040A
330
10000409
100
AcDbDictionary
280
     1
  3
BTDETID
360
1000040B
  3
BTPARTID
360
1000040C
  0
DICTIONARY
  5
1000040E
330
1000040D
100
AcDbDictionary
280
     1
  3
BTDETID
360
1000040F
  3
BTPARTID
360
10000410
  0
DICTIONARY
  5
10000412
330
10000411
100
AcDbDictionary
280
     1
  3
BTDETID
360
10000413
  3
BTPARTID
360
10000414
  0
DICTIONARY
  5
10000416
330
10000415
100
AcDbDictionary
280
     1
  3
BTDETID
360
10000417
  3
BTPARTID
360
10000418
  0
DICTIONARY
  5
1000041A
330
10000419
100
AcDbDictionary
280
     1
  3
BTDETID
360
1000041B
  3
BTPARTID
360
1000041C
  0
DICTIONARY
  5
1000041E
330
1000041D
100
AcDbDictionary
280
     1
  3
BTDETID
360
1000041F
  3
BTPARTID
360
10000420
  0
DICTIONARY
  5
10000422
330
10000421
100
AcDbDictionary
280
     1
  3
BTDETID
360
10000423
  3
BTPARTID
360
10000424
  0
DICTIONARY
  5
10000426
330
10000425
100
AcDbDictionary
280
     1
  3
BTDETID
360
10000427
  3
BTPARTID
360
10000428
  0
DICTIONARY
  5
1000042A
330
10000429
100
AcDbDictionary
280
     1
  3
BTDETID
360
1000042B
  3
BTPARTID
360
1000042C
  0
DICTIONARY
  5
1000042E
330
1000042D
100
AcDbDictionary
280
     1
  3
BTDETID
360
1000042F
  3
BTPARTID
360
10000430
  0
DICTIONARY
  5
10000432
330
10000431
100
AcDbDictionary
280
     1
  3
BTDETID
360
10000433
  3
BTPARTID
360
10000434
  0
DICTIONARY
  5
10000436
330
10000435
100
AcDbDictionary
280
     1
  3
BTDETID
360
10000437
  3
BTPARTID
360
10000438
  0
DICTIONARY
  5
1000043A
330
10000439
100
AcDbDictionary
280
     1
  3
BTDETID
360
1000043B
  3
BTPARTID
360
1000043C
  0
DICTIONARY
  5
1000043E
330
1000043D
100
AcDbDictionary
280
     1
  3
BTDETID
360
1000043F
  3
BTPARTID
360
10000440
  0
DICTIONARY
  5
10000442
330
10000441
100
AcDbDictionary
280
     1
  3
BTDETID
360
10000443
  3
BTPARTID
360
10000444
  0
DICTIONARY
  5
10000446
330
10000445
100
AcDbDictionary
280
     1
  3
BTDETID
360
10000447
  3
BTPARTID
360
10000448
  0
DICTIONARY
  5
1000044A
330
10000449
100
AcDbDictionary
280
     1
  3
BTDETID
360
1000044B
  3
BTPARTID
360
1000044C
  0
DICTIONARY
  5
1000044E
330
1000044D
100
AcDbDictionary
280
     1
  3
BTDETID
360
1000044F
  3
BTPARTID
360
10000450
  0
DICTIONARY
  5
10000452
330
10000451
100
AcDbDictionary
280
     1
  3
BTDETID
360
10000453
  3
BTPARTID
360
10000454
  0
DICTIONARY
  5
10000456
330
10000455
100
AcDbDictionary
280
     1
  3
BTDETID
360
10000457
  3
BTPARTID
360
10000458
  0
DICTIONARY
  5
1000045A
330
10000459
100
AcDbDictionary
280
     1
  3
BTDETID
360
1000045B
  3
BTPARTID
360
1000045C
  0
DICTIONARY
  5
1000045E
330
1000045D
100
AcDbDictionary
280
     1
  3
BTDETID
360
1000045F
  3
BTPARTID
360
10000460
  0
DICTIONARY
  5
10000462
330
10000461
100
AcDbDictionary
280
     1
  3
BTDETID
360
10000463
  3
BTPARTID
360
10000464
  0
DICTIONARY
  5
10000466
330
10000465
100
AcDbDictionary
280
     1
  3
BTDETID
360
10000467
  3
BTPARTID
360
10000468
  0
DICTIONARY
  5
1000046A
330
10000469
100
AcDbDictionary
280
     1
  3
BTDETID
360
1000046B
  3
BTPARTID
360
1000046C
  0
DICTIONARY
  5
1000046E
330
1000046D
100
AcDbDictionary
280
     1
  3
BTDETID
360
1000046F
  3
BTPARTID
360
10000470
  0
DICTIONARY
  5
10000472
330
10000471
100
AcDbDictionary
280
     1
  3
BTDETID
360
10000473
  3
BTPARTID
360
10000474
  0
DICTIONARY
  5
10000476
330
10000475
100
AcDbDictionary
280
     1
  3
BTDETID
360
10000477
  3
BTPARTID
360
10000478
  0
DICTIONARY
  5
1000047A
330
10000479
100
AcDbDictionary
280
     1
  3
BTDETID
360
1000047B
  3
BTPARTID
360
1000047C
  0
DICTIONARY
  5
1000047E
330
1000047D
100
AcDbDictionary
280
     1
  3
BTDETID
360
1000047F
  3
BTPARTID
360
10000480
  0
DICTIONARY
  5
10000482
330
10000481
100
AcDbDictionary
280
     1
  3
BTDETID
360
10000483
  3
BTPARTID
360
10000484
  0
DICTIONARY
  5
10000486
330
10000485
100
AcDbDictionary
280
     1
  3
BTDETID
360
10000487
  3
BTPARTID
360
10000488
  0
DICTIONARY
  5
1000048A
330
10000489
100
AcDbDictionary
280
     1
  3
BTDETID
360
1000048B
  3
BTPARTID
360
1000048C
  0
DICTIONARY
  5
1000048E
330
1000048D
100
AcDbDictionary
280
     1
  3
BTDETID
360
1000048F
  3
BTPARTID
360
10000490
  0
DICTIONARY
  5
10000492
330
10000491
100
AcDbDictionary
280
     1
  3
BTDETID
360
10000493
  3
BTPARTID
360
10000494
  0
DICTIONARY
  5
10000496
330
10000495
100
AcDbDictionary
280
     1
  3
BTDETID
360
10000497
  3
BTPARTID
360
10000498
  0
DICTIONARY
  5
1000049A
330
10000499
100
AcDbDictionary
280
     1
  3
BTDETID
360
1000049B
  3
BTPARTID
360
1000049C
  0
DICTIONARY
  5
1000049E
330
1000049D
100
AcDbDictionary
280
     1
  3
BTDETID
360
1000049F
  3
BTPARTID
360
100004A0
  0
DICTIONARY
  5
100004A2
330
100004A1
100
AcDbDictionary
280
     1
  3
BTDETID
360
100004A3
  3
BTPARTID
360
100004A4
  0
DICTIONARY
  5
100004A6
330
100004A5
100
AcDbDictionary
280
     1
  3
BTDETID
360
100004A7
  3
BTPARTID
360
100004A8
  0
DICTIONARY
  5
100004AA
330
100004A9
100
AcDbDictionary
280
     1
  3
BTDETID
360
100004AB
  3
BTPARTID
360
100004AC
  0
DICTIONARY
  5
100004AE
330
100004AD
100
AcDbDictionary
280
     1
  3
BTDETID
360
100004AF
  3
BTPARTID
360
100004B0
  0
DICTIONARY
  5
100004B2
330
100004B1
100
AcDbDictionary
280
     1
  3
BTDETID
360
100004B3
  3
BTPARTID
360
100004B4
  0
DICTIONARY
  5
100004B6
330
100004B5
100
AcDbDictionary
280
     1
  3
BTDETID
360
100004B7
  3
BTPARTID
360
100004B8
  0
DICTIONARY
  5
100004BA
330
100004B9
100
AcDbDictionary
280
     1
  3
BTDETID
360
100004BB
  3
BTPARTID
360
100004BC
  0
DICTIONARY
  5
100004BE
330
100004BD
100
AcDbDictionary
280
     1
  3
BTDETID
360
100004BF
  3
BTPARTID
360
100004C0
  0
DICTIONARY
  5
100004C2
330
100004C1
100
AcDbDictionary
280
     1
  3
BTDETID
360
100004C3
  3
BTPARTID
360
100004C4
  0
DICTIONARY
  5
100004C6
330
100004C5
100
AcDbDictionary
280
     1
  3
BTDETID
360
100004C7
  3
BTPARTID
360
100004C8
  0
DICTIONARY
  5
100004CA
330
100004C9
100
AcDbDictionary
280
     1
  3
BTDETID
360
100004CB
  3
BTPARTID
360
100004CC
  0
DICTIONARY
  5
100004CE
330
100004CD
100
AcDbDictionary
280
     1
  3
BTDETID
360
100004CF
  3
BTPARTID
360
100004D0
  0
DICTIONARY
  5
100004D2
330
100004D1
100
AcDbDictionary
280
     1
  3
BTDETID
360
100004D3
  3
BTPARTID
360
100004D4
  0
DICTIONARY
  5
100004D6
330
100004D5
100
AcDbDictionary
280
     1
  3
BTDETID
360
100004D7
  3
BTPARTID
360
100004D8
  0
DICTIONARY
  5
100004DA
330
100004D9
100
AcDbDictionary
280
     1
  3
BTDETID
360
100004DB
  3
BTPARTID
360
100004DC
  0
DICTIONARY
  5
100004DE
330
100004DD
100
AcDbDictionary
280
     1
  3
BTDETID
360
100004DF
  3
BTPARTID
360
100004E0
  0
DICTIONARY
  5
100004E2
330
100004E1
100
AcDbDictionary
280
     1
  3
BTDETID
360
100004E3
  3
BTPARTID
360
100004E4
  0
DICTIONARY
  5
100004E6
330
100004E5
100
AcDbDictionary
280
     1
  3
BTDETID
360
100004E7
  3
BTPARTID
360
100004E8
  0
DICTIONARY
  5
100004EA
330
100004E9
100
AcDbDictionary
280
     1
  3
BTDETID
360
100004EB
  3
BTPARTID
360
100004EC
  0
DICTIONARY
  5
100004EE
330
100004ED
100
AcDbDictionary
280
     1
  3
BTDETID
360
100004EF
  3
BTPARTID
360
100004F0
  0
DICTIONARY
  5
100004F2
330
100004F1
100
AcDbDictionary
280
     1
  3
BTDETID
360
100004F3
  3
BTPARTID
360
100004F4
  0
DICTIONARY
  5
100004F6
330
100004F5
100
AcDbDictionary
280
     1
  3
BTDETID
360
100004F7
  3
BTPARTID
360
100004F8
  0
DICTIONARY
  5
100004FA
330
100004F9
100
AcDbDictionary
280
     1
  3
BTDETID
360
100004FB
  3
BTPARTID
360
100004FC
  0
DICTIONARY
  5
100004FE
330
100004FD
100
AcDbDictionary
280
     1
  3
BTDETID
360
100004FF
  3
BTPARTID
360
10000500
  0
DICTIONARY
  5
10000502
330
10000501
100
AcDbDictionary
280
     1
  3
BTDETID
360
10000503
  3
BTPARTID
360
10000504
  0
DICTIONARY
  5
10000506
330
10000505
100
AcDbDictionary
280
     1
  3
BTDETID
360
10000507
  3
BTPARTID
360
10000508
  0
DICTIONARY
  5
1000050A
330
10000509
100
AcDbDictionary
280
     1
  3
BTDETID
360
1000050B
  3
BTPARTID
360
1000050C
  0
DICTIONARY
  5
1000050E
330
1000050D
100
AcDbDictionary
280
     1
  3
BTDETID
360
1000050F
  3
BTPARTID
360
10000510
  0
DICTIONARY
  5
10000512
330
10000511
100
AcDbDictionary
280
     1
  3
BTDETID
360
10000513
  3
BTPARTID
360
10000514
  0
DICTIONARY
  5
10000516
330
10000515
100
AcDbDictionary
280
     1
  3
BTDETID
360
10000517
  3
BTPARTID
360
10000518
  0
DICTIONARY
  5
1000051A
330
10000519
100
AcDbDictionary
280
     1
  3
BTDETID
360
1000051B
  3
BTPARTID
360
1000051C
  0
DICTIONARY
  5
1000051E
330
1000051D
100
AcDbDictionary
280
     1
  3
BTDETID
360
1000051F
  3
BTPARTID
360
10000520
  0
DICTIONARY
  5
10000522
330
10000521
100
AcDbDictionary
280
     1
  3
BTDETID
360
10000523
  3
BTPARTID
360
10000524
  0
DICTIONARY
  5
10000526
330
10000525
100
AcDbDictionary
280
     1
  3
BTDETID
360
10000527
  3
BTPARTID
360
10000528
  0
DICTIONARY
  5
1000052A
330
10000529
100
AcDbDictionary
280
     1
  3
BTDETID
360
1000052B
  3
BTPARTID
360
1000052C
  0
DICTIONARY
  5
1000052E
330
1000052D
100
AcDbDictionary
280
     1
  3
BTDETID
360
1000052F
  3
BTPARTID
360
10000530
  0
DICTIONARY
  5
10000532
330
10000531
100
AcDbDictionary
280
     1
  3
BTDETID
360
10000533
  3
BTPARTID
360
10000534
  0
DICTIONARY
  5
10000536
330
10000535
100
AcDbDictionary
280
     1
  3
BTDETID
360
10000537
  3
BTPARTID
360
10000538
  0
DICTIONARY
  5
1000053A
330
10000539
100
AcDbDictionary
280
     1
  3
BTDETID
360
1000053B
  3
BTPARTID
360
1000053C
  0
DICTIONARY
  5
1000053E
330
1000053D
100
AcDbDictionary
280
     1
  3
BTDETID
360
1000053F
  3
BTPARTID
360
10000540
  0
DICTIONARY
  5
10000542
330
10000541
100
AcDbDictionary
280
     1
  3
BTDETID
360
10000543
  3
BTPARTID
360
10000544
  0
DICTIONARY
  5
10000546
330
10000545
100
AcDbDictionary
280
     1
  3
BTDETID
360
10000547
  3
BTPARTID
360
10000548
  0
DICTIONARY
  5
1000054A
330
10000549
100
AcDbDictionary
280
     1
  3
BTDETID
360
1000054B
  3
BTPARTID
360
1000054C
  0
DICTIONARY
  5
1000054E
330
1000054D
100
AcDbDictionary
280
     1
  3
BTDETID
360
1000054F
  3
BTPARTID
360
10000550
  0
DICTIONARY
  5
10000552
330
10000551
100
AcDbDictionary
280
     1
  3
BTDETID
360
10000553
  3
BTPARTID
360
10000554
  0
DICTIONARY
  5
10000556
330
10000555
100
AcDbDictionary
280
     1
  3
BTDETID
360
10000557
  3
BTPARTID
360
10000558
  0
DICTIONARY
  5
1000055A
330
10000559
100
AcDbDictionary
280
     1
  3
BTDETID
360
1000055B
  3
BTPARTID
360
1000055C
  0
DICTIONARY
  5
1000055E
330
1000055D
100
AcDbDictionary
280
     1
  3
BTDETID
360
1000055F
  3
BTPARTID
360
10000560
  0
DICTIONARY
  5
10000562
330
10000561
100
AcDbDictionary
280
     1
  3
BTDETID
360
10000563
  3
BTPARTID
360
10000564
  0
DICTIONARY
  5
10000566
330
10000565
100
AcDbDictionary
280
     1
  3
BTDETID
360
10000567
  3
BTPARTID
360
10000568
  0
DICTIONARY
  5
1000056A
330
10000569
100
AcDbDictionary
280
     1
  3
BTDETID
360
1000056B
  3
BTPARTID
360
1000056C
  0
DICTIONARY
  5
1000056E
330
1000056D
100
AcDbDictionary
280
     1
  3
BTDETID
360
1000056F
  3
BTPARTID
360
10000570
  0
DICTIONARY
  5
10000572
330
10000571
100
AcDbDictionary
280
     1
  3
BTDETID
360
10000573
  3
BTPARTID
360
10000574
  0
DICTIONARY
  5
10000576
330
10000575
100
AcDbDictionary
280
     1
  3
BTDETID
360
10000577
  3
BTPARTID
360
10000578
  0
DICTIONARY
  5
1000057A
330
10000579
100
AcDbDictionary
280
     1
  3
BTDETID
360
1000057B
  3
BTPARTID
360
1000057C
  0
DICTIONARY
  5
1000057E
330
1000057D
100
AcDbDictionary
280
     1
  3
BTDETID
360
1000057F
  3
BTPARTID
360
10000580
  0
DICTIONARY
  5
10000582
330
10000581
100
AcDbDictionary
280
     1
  3
BTDETID
360
10000583
  3
BTPARTID
360
10000584
  0
DICTIONARY
  5
10000586
330
10000585
100
AcDbDictionary
280
     1
  3
BTDETID
360
10000587
  3
BTPARTID
360
10000588
  0
DICTIONARY
  5
1000058A
330
10000589
100
AcDbDictionary
280
     1
  3
BTDETID
360
1000058B
  3
BTPARTID
360
1000058C
  0
DICTIONARY
  5
1000058E
330
1000058D
100
AcDbDictionary
280
     1
  3
BTDETID
360
1000058F
  3
BTPARTID
360
10000590
  0
DICTIONARY
  5
10000592
330
10000591
100
AcDbDictionary
280
     1
  3
BTDETID
360
10000593
  3
BTPARTID
360
10000594
  0
DICTIONARY
  5
10000596
330
10000595
100
AcDbDictionary
280
     1
  3
BTDETID
360
10000597
  3
BTPARTID
360
10000598
  0
DICTIONARY
  5
1000059A
330
10000599
100
AcDbDictionary
280
     1
  3
BTDETID
360
1000059B
  3
BTPARTID
360
1000059C
  0
DICTIONARY
  5
1000059E
330
1000059D
100
AcDbDictionary
280
     1
  3
BTDETID
360
1000059F
  3
BTPARTID
360
100005A0
  0
DICTIONARY
  5
100005A2
330
100005A1
100
AcDbDictionary
280
     1
  3
BTDETID
360
100005A3
  3
BTPARTID
360
100005A4
  0
DICTIONARY
  5
100005A6
330
100005A5
100
AcDbDictionary
280
     1
  3
BTDETID
360
100005A7
  3
BTPARTID
360
100005A8
  0
DICTIONARY
  5
100005AA
330
100005A9
100
AcDbDictionary
280
     1
  3
BTDETID
360
100005AB
  3
BTPARTID
360
100005AC
  0
DICTIONARY
  5
100005AE
330
100005AD
100
AcDbDictionary
280
     1
  3
BTDETID
360
100005AF
  3
BTPARTID
360
100005B0
  0
DICTIONARY
  5
100005B2
330
100005B1
100
AcDbDictionary
280
     1
  3
BTDETID
360
100005B3
  3
BTPARTID
360
100005B4
  0
DICTIONARY
  5
100005B6
330
100005B5
100
AcDbDictionary
280
     1
  3
BTDETID
360
100005B7
  3
BTPARTID
360
100005B8
  0
DICTIONARY
  5
100005BA
330
100005B9
100
AcDbDictionary
280
     1
  3
BTDETID
360
100005BB
  3
BTPARTID
360
100005BC
  0
DICTIONARY
  5
100005BE
330
100005BD
100
AcDbDictionary
280
     1
  3
BTDETID
360
100005BF
  3
BTPARTID
360
100005C0
  0
DICTIONARY
  5
100005C2
330
100005C1
100
AcDbDictionary
280
     1
  3
BTDETID
360
100005C3
  3
BTPARTID
360
100005C4
  0
DICTIONARY
  5
D
102
{ACAD_REACTORS
330
C
102
}
330
C
100
AcDbDictionary
  0
DICTIONARY
  5
1A
102
{ACAD_REACTORS
330
C
102
}
330
C
100
AcDbDictionary
  0
DICTIONARY
  5
43
102
{ACAD_REACTORS
330
C
102
}
330
C
100
AcDbDictionary
  3
BYBLOCK
350
45
  3
BYLAYER
350
44
  3
GLOBAL
350
46
  0
DICTIONARY
  5
5B
102
{ACAD_REACTORS
330
C
102
}
330
C
100
AcDbDictionary
  3
STANDARD
350
5C
  0
DICTIONARY
  5
17
102
{ACAD_REACTORS
330
C
102
}
330
C
100
AcDbDictionary
  3
STANDARD
350
18
  0
DICTIONARY
  5
19
102
{ACAD_REACTORS
330
C
102
}
330
C
100
AcDbDictionary
  0
DICTIONARY
  5
47
102
{ACAD_REACTORS
330
C
102
}
330
C
100
AcDbDictionary
  3
SCALE100_1
350
10000023
  3
SCALE10_1
350
1000001D
  3
SCALE12_1
350
1000001E
  3
SCALE16_1
350
1000001F
  3
SCALE1_1
350
10000006
  3
SCALE1_10
350
1000000D
  3
SCALE1_100
350
10000016
  3
SCALE1_12
350
1000000E
  3
SCALE1_16
350
1000000F
  3
SCALE1_2
350
10000007
  3
SCALE1_20
350
10000010
  3
SCALE1_25
350
10000011
  3
SCALE1_3
350
10000008
  3
SCALE1_32
350
10000012
  3
SCALE1_4
350
10000009
  3
SCALE1_40
350
10000013
  3
SCALE1_5
350
1000000A
  3
SCALE1_50
350
10000014
  3
SCALE1_6
350
1000000B
  3
SCALE1_8
350
1000000C
  3
SCALE1_80
350
10000015
  3
SCALE20_1
350
10000020
  3
SCALE2_1
350
10000017
  3
SCALE32_1
350
10000021
  3
SCALE3_1
350
10000018
  3
SCALE4_1
350
10000019
  3
SCALE50_1
350
10000022
  3
SCALE5_1
350
1000001A
  3
SCALE6_1
350
1000001B
  3
SCALE8_1
350
1000001C
  0
DICTIONARY
  5
2A
102
{ACAD_REACTORS
330
C
102
}
330
C
100
AcDbDictionary
  3
2DWIREFRAME
350
2F
  3
BASIC
350
32
  3
BRIGHTEN
350
36
  3
COLORCHANGE
350
3A
  3
CONCEPTUAL
350
34
  3
DIM
350
35
  3
EDGECOLOROFF
350
3D
  3
FACEPATTERN
350
39
  3
FLAT
350
2B
  3
FLATWITHEDGES
350
2C
  3
GOURAUD
350
2D
  3
GOURAUDWITHEDGES
350
2E
  3
HIDDEN
350
31
  3
JITTEROFF
350
3B
  3
LINEPATTERN
350
38
  3
OVERHANGOFF
350
3C
  3
REALISTIC
350
33
  3
SHADED
350
42
  3
SHADED_WITH_EDGES
350
41
  3
SHADES_OF_GRAY
350
3E
  3
SKETCHY
350
3F
  3
THICKEN
350
37
  3
WIREFRAME
350
30
  3
X-RAY
350
40
  0
DICTIONARY
  5
100005C7
102
{ACAD_REACTORS
330
C
102
}
330
C
100
AcDbDictionary
  3
CEPSNID
350
100005D1
  3
CEPSNTYPE
350
100005D0
  3
DIMSTYLEDATA
350
100005E7
  3
FINGERPRINTGUID
350
100005D2
  3
HYPERLINKBASE
350
100005CA
  3
INSUNITS
350
100005CF
  3
LAYOUTDICT
350
100005CC
  3
LWETCUNION
350
100005CE
  3
PLOTSETDICT
350
100005CD
  3
PSVPSCALE
350
100005D4
  3
PUCSBASE
350
100005D7
  3
PUCSORGBACK
350
100005DD
  3
PUCSORGBOTTOM
350
100005D9
  3
PUCSORGFRONT
350
100005DC
  3
PUCSORGLEFT
350
100005DA
  3
PUCSORGRIGHT
350
100005DB
  3
PUCSORGTOP
350
100005D8
  3
PUCSORTHOREF
350
100005D5
  3
PUCSORTHOVIEW
350
100005D6
  3
STYLESHEET
350
100005CB
  3
TSTACKALIGN
350
100005C8
  3
TSTACKSIZE
350
100005C9
  3
UCSBASE
350
100005E0
  3
UCSORGBACK
350
100005E6
  3
UCSORGBOTTOM
350
100005E2
  3
UCSORGFRONT
350
100005E5
  3
UCSORGLEFT
350
100005E3
  3
UCSORGRIGHT
350
100005E4
  3
UCSORGTOP
350
100005E1
  3
UCSORTHOREF
350
100005DE
  3
UCSORTHOVIEW
350
100005DF
  3
VERSIONGUID
350
100005D3
  0
DICTIONARY
  5
100005E8
102
{ACAD_REACTORS
330
C
102
}
330
C
100
AcDbDictionary
  3
CANNOSCALE
350
100005F6
  3
CENTEREXE
350
100005EF
  3
CENTERLTYPEFILE
350
100005F0
  3
CMLEADERSTYLE
350
100005EA
  3
CTABLESTYLE
350
100005E9
  3
DIMASSOC
350
100005F1
  3
HIDETEXT
350
100005F2
  3
MSLTSCALE
350
100005F7
  3
PSOLHEIGHT
350
100005EC
  3
PSOLWIDTH
350
100005EB
  0
XRECORD
  5
100005F3
102
{ACAD_REACTORS
330
C
102
}
330
C
100
AcDbXrecord
  1
DWGPROPS COOKIE
  2

  3

  4

  6
File was created by BTDwgCreate
  7

  8
onshape
  9

300
=
301
=
302
=
303
=
304
=
305
=
306
=
307
=
308
=
309
=
 40
0.0
 41
2461137.937650047
 42
2461137.937650197
  1

 90
        0
  0
DICTIONARY
  5
10000001
102
{ACAD_REACTORS
330
C
102
}
330
C
100
AcDbDictionary
280
     1
  3
DIM_UNITS
360
10000003
  3
DWGGEN_VERSION
360
10000002
  3
FIRST_ANGLE
360
10000005
  0
XRECORD
  5
100005F5
102
{ACAD_REACTORS
330
100005F4
102
}
330
100005F4
100
AcDbXrecord
102
VTR_0.000_0.000_1.000_1.000_VISUALSTYLE
340
2F
102
VTR_0.000_0.000_1.000_1.000_GRIDDISPLAY
 70
     3
102
VTR_0.000_0.000_1.000_1.000_GRIDMAJOR
 70
     5
102
VTR_0.000_0.000_1.000_1.000_DEFAULTLIGHTING
280
     1
102
VTR_0.000_0.000_1.000_1.000_DEFAULTLIGHTINGTYPE
 70
     1
102
VTR_0.000_0.000_1.000_1.000_BRIGHTNESS
141
0.0
102
VTR_0.000_0.000_1.000_1.000_CONTRAST
142
0.0
  0
SORTENTSTABLE
  5
100005C6
102
{ACAD_REACTORS
330
100005C5
102
}
330
100005C5
100
AcDbSortentsTable
330
1F
  0
XRECORD
  5
1000005B
102
{ACAD_REACTORS
330
1000005A
102
}
330
1000005A
100
AcDbXrecord
1000
SfGVU
  0
XRECORD
  5
1000005C
102
{ACAD_REACTORS
330
1000005A
102
}
330
1000005A
100
AcDbXrecord
1000
SfGPI
  0
XRECORD
  5
1000005F
102
{ACAD_REACTORS
330
1000005E
102
}
330
1000005E
100
AcDbXrecord
1000
SfGNU
  0
XRECORD
  5
10000060
102
{ACAD_REACTORS
330
1000005E
102
}
330
1000005E
100
AcDbXrecord
1000
SfGHI
  0
XRECORD
  5
10000063
102
{ACAD_REACTORS
330
10000062
102
}
330
10000062
100
AcDbXrecord
1000
SfGJU
  0
XRECORD
  5
10000064
102
{ACAD_REACTORS
330
10000062
102
}
330
10000062
100
AcDbXrecord
1000
SfGDI
  0
XRECORD
  5
10000067
102
{ACAD_REACTORS
330
10000066
102
}
330
10000066
100
AcDbXrecord
1000
SfGFU
  0
XRECORD
  5
10000068
102
{ACAD_REACTORS
330
10000066
102
}
330
10000066
100
AcDbXrecord
1000
SfG/H
  0
XRECORD
  5
1000006B
102
{ACAD_REACTORS
330
1000006A
102
}
330
1000006A
100
AcDbXrecord
1000
SfGBU
  0
XRECORD
  5
1000006C
102
{ACAD_REACTORS
330
1000006A
102
}
330
1000006A
100
AcDbXrecord
1000
SfG7H
  0
XRECORD
  5
1000006F
102
{ACAD_REACTORS
330
1000006E
102
}
330
1000006E
100
AcDbXrecord
1000
SfG5T
  0
XRECORD
  5
10000070
102
{ACAD_REACTORS
330
1000006E
102
}
330
1000006E
100
AcDbXrecord
1000
SfGzH
  0
XRECORD
  5
10000073
102
{ACAD_REACTORS
330
10000072
102
}
330
10000072
100
AcDbXrecord
1000
SfGxT
  0
XRECORD
  5
10000074
102
{ACAD_REACTORS
330
10000072
102
}
330
10000072
100
AcDbXrecord
1000
SfGrH
  0
XRECORD
  5
10000077
102
{ACAD_REACTORS
330
10000076
102
}
330
10000076
100
AcDbXrecord
1000
SfGtT
  0
XRECORD
  5
10000078
102
{ACAD_REACTORS
330
10000076
102
}
330
10000076
100
AcDbXrecord
1000
SfGnH
  0
XRECORD
  5
1000007B
102
{ACAD_REACTORS
330
1000007A
102
}
330
1000007A
100
AcDbXrecord
1000
SfGdD
  0
XRECORD
  5
1000007C
102
{ACAD_REACTORS
330
1000007A
102
}
330
1000007A
100
AcDbXrecord
1000
SfGjL
  0
XRECORD
  5
1000007F
102
{ACAD_REACTORS
330
1000007E
102
}
330
1000007E
100
AcDbXrecord
1000
SfGZD
  0
XRECORD
  5
10000080
102
{ACAD_REACTORS
330
1000007E
102
}
330
1000007E
100
AcDbXrecord
1000
SfGfL
  0
XRECORD
  5
10000083
102
{ACAD_REACTORS
330
10000082
102
}
330
10000082
100
AcDbXrecord
1000
SfGVD
  0
XRECORD
  5
10000084
102
{ACAD_REACTORS
330
10000082
102
}
330
10000082
100
AcDbXrecord
1000
SfGbL
  0
XRECORD
  5
10000087
102
{ACAD_REACTORS
330
10000086
102
}
330
10000086
100
AcDbXrecord
1000
RfGZ
  0
XRECORD
  5
10000088
102
{ACAD_REACTORS
330
10000086
102
}
330
10000086
100
AcDbXrecord
1000
SfG/I
  0
XRECORD
  5
1000008B
102
{ACAD_REACTORS
330
1000008A
102
}
330
1000008A
100
AcDbXrecord
1000
RfGd
  0
XRECORD
  5
1000008C
102
{ACAD_REACTORS
330
1000008A
102
}
330
1000008A
100
AcDbXrecord
1000
SfGDJ
  0
XRECORD
  5
1000008F
102
{ACAD_REACTORS
330
1000008E
102
}
330
1000008E
100
AcDbXrecord
1000
RfGp
  0
XRECORD
  5
10000090
102
{ACAD_REACTORS
330
1000008E
102
}
330
1000008E
100
AcDbXrecord
1000
SfGPJ
  0
XRECORD
  5
10000093
102
{ACAD_REACTORS
330
10000092
102
}
330
10000092
100
AcDbXrecord
1000
RfGt
  0
XRECORD
  5
10000094
102
{ACAD_REACTORS
330
10000092
102
}
330
10000092
100
AcDbXrecord
1000
SfGTJ
  0
XRECORD
  5
10000097
102
{ACAD_REACTORS
330
10000096
102
}
330
10000096
100
AcDbXrecord
1000
SfGpB
  0
XRECORD
  5
10000098
102
{ACAD_REACTORS
330
10000096
102
}
330
10000096
100
AcDbXrecord
1000
SfG7J
  0
XRECORD
  5
1000009B
102
{ACAD_REACTORS
330
1000009A
102
}
330
1000009A
100
AcDbXrecord
1000
RfGx
  0
XRECORD
  5
1000009C
102
{ACAD_REACTORS
330
1000009A
102
}
330
1000009A
100
AcDbXrecord
1000
SfGXJ
  0
XRECORD
  5
1000009F
102
{ACAD_REACTORS
330
1000009E
102
}
330
1000009E
100
AcDbXrecord
1000
SfG5F
  0
XRECORD
  5
100000A0
102
{ACAD_REACTORS
330
1000009E
102
}
330
1000009E
100
AcDbXrecord
1000
SfGnB
  0
XRECORD
  5
100000A3
102
{ACAD_REACTORS
330
100000A2
102
}
330
100000A2
100
AcDbXrecord
1000
SfGxB
  0
XRECORD
  5
100000A4
102
{ACAD_REACTORS
330
100000A2
102
}
330
100000A2
100
AcDbXrecord
1000
SfGDK
  0
XRECORD
  5
100000A7
102
{ACAD_REACTORS
330
100000A6
102
}
330
100000A6
100
AcDbXrecord
1000
SfG5B
  0
XRECORD
  5
100000A8
102
{ACAD_REACTORS
330
100000A6
102
}
330
100000A6
100
AcDbXrecord
1000
RfGX
  0
XRECORD
  5
100000AB
102
{ACAD_REACTORS
330
100000AA
102
}
330
100000AA
100
AcDbXrecord
1000
RfG5
  0
XRECORD
  5
100000AC
102
{ACAD_REACTORS
330
100000AA
102
}
330
100000AA
100
AcDbXrecord
1000
SfGfJ
  0
XRECORD
  5
100000AF
102
{ACAD_REACTORS
330
100000AE
102
}
330
100000AE
100
AcDbXrecord
1000
SfG1B
  0
XRECORD
  5
100000B0
102
{ACAD_REACTORS
330
100000AE
102
}
330
100000AE
100
AcDbXrecord
1000
SfGHK
  0
XRECORD
  5
100000B3
102
{ACAD_REACTORS
330
100000B2
102
}
330
100000B2
100
AcDbXrecord
1000
SfG1P
  0
XRECORD
  5
100000B4
102
{ACAD_REACTORS
330
100000B2
102
}
330
100000B2
100
AcDbXrecord
1000
SfG/E
  0
XRECORD
  5
100000B7
102
{ACAD_REACTORS
330
100000B6
102
}
330
100000B6
100
AcDbXrecord
1000
SfG9B
  0
XRECORD
  5
100000B8
102
{ACAD_REACTORS
330
100000B6
102
}
330
100000B6
100
AcDbXrecord
1000
SfGLK
  0
XRECORD
  5
100000BB
102
{ACAD_REACTORS
330
100000BA
102
}
330
100000BA
100
AcDbXrecord
1000
SfGVG
  0
XRECORD
  5
100000BC
102
{ACAD_REACTORS
330
100000BA
102
}
330
100000BA
100
AcDbXrecord
1000
SfGDC
  0
XRECORD
  5
100000BF
102
{ACAD_REACTORS
330
100000BE
102
}
330
100000BE
100
AcDbXrecord
1000
SfGBC
  0
XRECORD
  5
100000C0
102
{ACAD_REACTORS
330
100000BE
102
}
330
100000BE
100
AcDbXrecord
1000
RfGb
  0
XRECORD
  5
100000C3
102
{ACAD_REACTORS
330
100000C2
102
}
330
100000C2
100
AcDbXrecord
1000
SfGJI
  0
XRECORD
  5
100000C4
102
{ACAD_REACTORS
330
100000C2
102
}
330
100000C2
100
AcDbXrecord
1000
SfGLN
  0
XRECORD
  5
100000C7
102
{ACAD_REACTORS
330
100000C6
102
}
330
100000C6
100
AcDbXrecord
1000
SfGNB
  0
XRECORD
  5
100000C8
102
{ACAD_REACTORS
330
100000C6
102
}
330
100000C6
100
AcDbXrecord
1000
SfGzJ
  0
XRECORD
  5
100000CB
102
{ACAD_REACTORS
330
100000CA
102
}
330
100000CA
100
AcDbXrecord
1000
RfGV
  0
XRECORD
  5
100000CC
102
{ACAD_REACTORS
330
100000CA
102
}
330
100000CA
100
AcDbXrecord
1000
SfG7I
  0
XRECORD
  5
100000CF
102
{ACAD_REACTORS
330
100000CE
102
}
330
100000CE
100
AcDbXrecord
1000
SfGlB
  0
XRECORD
  5
100000D0
102
{ACAD_REACTORS
330
100000CE
102
}
330
100000CE
100
AcDbXrecord
1000
RfGT
  0
XRECORD
  5
100000D3
102
{ACAD_REACTORS
330
100000D2
102
}
330
100000D2
100
AcDbXrecord
1000
SfGRE
  0
XRECORD
  5
100000D4
102
{ACAD_REACTORS
330
100000D2
102
}
330
100000D2
100
AcDbXrecord
1000
SfGPM
  0
XRECORD
  5
100000D7
102
{ACAD_REACTORS
330
100000D6
102
}
330
100000D6
100
AcDbXrecord
1000
SfGVE
  0
XRECORD
  5
100000D8
102
{ACAD_REACTORS
330
100000D6
102
}
330
100000D6
100
AcDbXrecord
1000
SfGTM
  0
XRECORD
  5
100000DB
102
{ACAD_REACTORS
330
100000DA
102
}
330
100000DA
100
AcDbXrecord
1000
SfGZE
  0
XRECORD
  5
100000DC
102
{ACAD_REACTORS
330
100000DA
102
}
330
100000DA
100
AcDbXrecord
1000
SfGXM
  0
XRECORD
  5
100000DF
102
{ACAD_REACTORS
330
100000DE
102
}
330
100000DE
100
AcDbXrecord
1000
SfGhE
  0
XRECORD
  5
100000E0
102
{ACAD_REACTORS
330
100000DE
102
}
330
100000DE
100
AcDbXrecord
1000
RfGv
  0
XRECORD
  5
100000E3
102
{ACAD_REACTORS
330
100000E2
102
}
330
100000E2
100
AcDbXrecord
1000
SfGlE
  0
XRECORD
  5
100000E4
102
{ACAD_REACTORS
330
100000E2
102
}
330
100000E2
100
AcDbXrecord
1000
RfGz
  0
XRECORD
  5
100000E7
102
{ACAD_REACTORS
330
100000E6
102
}
330
100000E6
100
AcDbXrecord
1000
SfGxC
  0
XRECORD
  5
100000E8
102
{ACAD_REACTORS
330
100000E6
102
}
330
100000E6
100
AcDbXrecord
1000
SfG3K
  0
XRECORD
  5
100000EB
102
{ACAD_REACTORS
330
100000EA
102
}
330
100000EA
100
AcDbXrecord
1000
SfGtE
  0
XRECORD
  5
100000EC
102
{ACAD_REACTORS
330
100000EA
102
}
330
100000EA
100
AcDbXrecord
1000
RfG3
  0
XRECORD
  5
100000EF
102
{ACAD_REACTORS
330
100000EE
102
}
330
100000EE
100
AcDbXrecord
1000
SfG9I
  0
XRECORD
  5
100000F0
102
{ACAD_REACTORS
330
100000EE
102
}
330
100000EE
100
AcDbXrecord
1000
SfG/N
  0
XRECORD
  5
100000F3
102
{ACAD_REACTORS
330
100000F2
102
}
330
100000F2
100
AcDbXrecord
1000
SfGxE
  0
XRECORD
  5
100000F4
102
{ACAD_REACTORS
330
100000F2
102
}
330
100000F2
100
AcDbXrecord
1000
SfGfM
  0
XRECORD
  5
100000F7
102
{ACAD_REACTORS
330
100000F6
102
}
330
100000F6
100
AcDbXrecord
1000
SfG9F
  0
XRECORD
  5
100000F8
102
{ACAD_REACTORS
330
100000F6
102
}
330
100000F6
100
AcDbXrecord
1000
SfGrB
  0
XRECORD
  5
100000FB
102
{ACAD_REACTORS
330
100000FA
102
}
330
100000FA
100
AcDbXrecord
1000
SfG1E
  0
XRECORD
  5
100000FC
102
{ACAD_REACTORS
330
100000FA
102
}
330
100000FA
100
AcDbXrecord
1000
SfGjM
  0
XRECORD
  5
100000FF
102
{ACAD_REACTORS
330
100000FE
102
}
330
100000FE
100
AcDbXrecord
1000
SfG9E
  0
XRECORD
  5
10000100
102
{ACAD_REACTORS
330
100000FE
102
}
330
100000FE
100
AcDbXrecord
1000
SfGrM
  0
XRECORD
  5
10000103
102
{ACAD_REACTORS
330
10000102
102
}
330
10000102
100
AcDbXrecord
1000
SfGFF
  0
XRECORD
  5
10000104
102
{ACAD_REACTORS
330
10000102
102
}
330
10000102
100
AcDbXrecord
1000
SfGzM
  0
XRECORD
  5
10000107
102
{ACAD_REACTORS
330
10000106
102
}
330
10000106
100
AcDbXrecord
1000
SfG1S
  0
XRECORD
  5
10000108
102
{ACAD_REACTORS
330
10000106
102
}
330
10000106
100
AcDbXrecord
1000
SfGvG
  0
XRECORD
  5
1000010B
102
{ACAD_REACTORS
330
1000010A
102
}
330
1000010A
100
AcDbXrecord
1000
SfGVF
  0
XRECORD
  5
1000010C
102
{ACAD_REACTORS
330
1000010A
102
}
330
1000010A
100
AcDbXrecord
1000
SfGDB
  0
XRECORD
  5
1000010F
102
{ACAD_REACTORS
330
1000010E
102
}
330
1000010E
100
AcDbXrecord
1000
RfGl
  0
XRECORD
  5
10000110
102
{ACAD_REACTORS
330
1000010E
102
}
330
1000010E
100
AcDbXrecord
1000
SfGLJ
  0
XRECORD
  5
10000113
102
{ACAD_REACTORS
330
10000112
102
}
330
10000112
100
AcDbXrecord
1000
SfGdF
  0
XRECORD
  5
10000114
102
{ACAD_REACTORS
330
10000112
102
}
330
10000112
100
AcDbXrecord
1000
SfGLB
  0
XRECORD
  5
10000117
102
{ACAD_REACTORS
330
10000116
102
}
330
10000116
100
AcDbXrecord
1000
SfGpV
  0
XRECORD
  5
10000118
102
{ACAD_REACTORS
330
10000116
102
}
330
10000116
100
AcDbXrecord
1000
SfGjI
  0
XRECORD
  5
1000011B
102
{ACAD_REACTORS
330
1000011A
102
}
330
1000011A
100
AcDbXrecord
1000
SfGhF
  0
XRECORD
  5
1000011C
102
{ACAD_REACTORS
330
1000011A
102
}
330
1000011A
100
AcDbXrecord
1000
SfGPB
  0
XRECORD
  5
1000011F
102
{ACAD_REACTORS
330
1000011E
102
}
330
1000011E
100
AcDbXrecord
1000
SfGpD
  0
XRECORD
  5
10000120
102
{ACAD_REACTORS
330
1000011E
102
}
330
1000011E
100
AcDbXrecord
1000
SfGrL
  0
XRECORD
  5
10000123
102
{ACAD_REACTORS
330
10000122
102
}
330
10000122
100
AcDbXrecord
1000
SfGlF
  0
XRECORD
  5
10000124
102
{ACAD_REACTORS
330
10000122
102
}
330
10000122
100
AcDbXrecord
1000
SfGTB
  0
XRECORD
  5
10000127
102
{ACAD_REACTORS
330
10000126
102
}
330
10000126
100
AcDbXrecord
1000
SfGxJ
  0
XRECORD
  5
10000128
102
{ACAD_REACTORS
330
10000126
102
}
330
10000126
100
AcDbXrecord
1000
SfGzO
  0
XRECORD
  5
1000012B
102
{ACAD_REACTORS
330
1000012A
102
}
330
1000012A
100
AcDbXrecord
1000
SfGpF
  0
XRECORD
  5
1000012C
102
{ACAD_REACTORS
330
1000012A
102
}
330
1000012A
100
AcDbXrecord
1000
SfGXB
  0
XRECORD
  5
1000012F
102
{ACAD_REACTORS
330
1000012E
102
}
330
1000012E
100
AcDbXrecord
1000
SfGNO
  0
XRECORD
  5
10000130
102
{ACAD_REACTORS
330
1000012E
102
}
330
1000012E
100
AcDbXrecord
1000
SfG7R
  0
XRECORD
  5
10000133
102
{ACAD_REACTORS
330
10000132
102
}
330
10000132
100
AcDbXrecord
1000
SfGBF
  0
XRECORD
  5
10000134
102
{ACAD_REACTORS
330
10000132
102
}
330
10000132
100
AcDbXrecord
1000
SfGvM
  0
XRECORD
  5
10000137
102
{ACAD_REACTORS
330
10000136
102
}
330
10000136
100
AcDbXrecord
1000
SfGlQ
  0
XRECORD
  5
10000138
102
{ACAD_REACTORS
330
10000136
102
}
330
10000136
100
AcDbXrecord
1000
SfGDF
  0
XRECORD
  5
1000013B
102
{ACAD_REACTORS
330
1000013A
102
}
330
1000013A
100
AcDbXrecord
1000
SfGxF
  0
XRECORD
  5
1000013C
102
{ACAD_REACTORS
330
1000013A
102
}
330
1000013A
100
AcDbXrecord
1000
SfGfB
  0
XRECORD
  5
1000013F
102
{ACAD_REACTORS
330
1000013E
102
}
330
1000013E
100
AcDbXrecord
1000
SfGRD
  0
XRECORD
  5
10000140
102
{ACAD_REACTORS
330
1000013E
102
}
330
1000013E
100
AcDbXrecord
1000
SfGXL
  0
XRECORD
  5
10000143
102
{ACAD_REACTORS
330
10000142
102
}
330
10000142
100
AcDbXrecord
1000
SfGtB
  0
XRECORD
  5
10000144
102
{ACAD_REACTORS
330
10000142
102
}
330
10000142
100
AcDbXrecord
1000
SfG/J
  0
XRECORD
  5
10000147
102
{ACAD_REACTORS
330
10000146
102
}
330
10000146
100
AcDbXrecord
1000
SfGBG
  0
XRECORD
  5
10000148
102
{ACAD_REACTORS
330
10000146
102
}
330
10000146
100
AcDbXrecord
1000
SfGvB
  0
XRECORD
  5
1000014B
102
{ACAD_REACTORS
330
1000014A
102
}
330
1000014A
100
AcDbXrecord
1000
SfGlK
  0
XRECORD
  5
1000014C
102
{ACAD_REACTORS
330
1000014A
102
}
330
1000014A
100
AcDbXrecord
1000
SfGnP
  0
XRECORD
  5
1000014F
102
{ACAD_REACTORS
330
1000014E
102
}
330
1000014E
100
AcDbXrecord
1000
SfGFG
  0
XRECORD
  5
10000150
102
{ACAD_REACTORS
330
1000014E
102
}
330
1000014E
100
AcDbXrecord
1000
SfGzB
  0
XRECORD
  5
10000153
102
{ACAD_REACTORS
330
10000152
102
}
330
10000152
100
AcDbXrecord
1000
SfGFP
  0
XRECORD
  5
10000154
102
{ACAD_REACTORS
330
10000152
102
}
330
10000152
100
AcDbXrecord
1000
SfGvS
  0
XRECORD
  5
10000157
102
{ACAD_REACTORS
330
10000156
102
}
330
10000156
100
AcDbXrecord
1000
RfG1
  0
XRECORD
  5
10000158
102
{ACAD_REACTORS
330
10000156
102
}
330
10000156
100
AcDbXrecord
1000
SfGbJ
  0
XRECORD
  5
1000015B
102
{ACAD_REACTORS
330
1000015A
102
}
330
1000015A
100
AcDbXrecord
1000
SfGZG
  0
XRECORD
  5
1000015C
102
{ACAD_REACTORS
330
1000015A
102
}
330
1000015A
100
AcDbXrecord
1000
SfGHC
  0
XRECORD
  5
1000015F
102
{ACAD_REACTORS
330
1000015E
102
}
330
1000015E
100
AcDbXrecord
1000
SfGRI
  0
XRECORD
  5
10000160
102
{ACAD_REACTORS
330
1000015E
102
}
330
1000015E
100
AcDbXrecord
1000
SfGTN
  0
XRECORD
  5
10000163
102
{ACAD_REACTORS
330
10000162
102
}
330
10000162
100
AcDbXrecord
1000
SfGdG
  0
XRECORD
  5
10000164
102
{ACAD_REACTORS
330
10000162
102
}
330
10000162
100
AcDbXrecord
1000
SfGLC
  0
XRECORD
  5
10000167
102
{ACAD_REACTORS
330
10000166
102
}
330
10000166
100
AcDbXrecord
1000
SfGdL
  0
XRECORD
  5
10000168
102
{ACAD_REACTORS
330
10000166
102
}
330
10000166
100
AcDbXrecord
1000
SfGbQ
  0
XRECORD
  5
1000016B
102
{ACAD_REACTORS
330
1000016A
102
}
330
1000016A
100
AcDbXrecord
1000
SfGtJ
  0
XRECORD
  5
1000016C
102
{ACAD_REACTORS
330
1000016A
102
}
330
1000016A
100
AcDbXrecord
1000
SfGvO
  0
XRECORD
  5
1000016F
102
{ACAD_REACTORS
330
1000016E
102
}
330
1000016E
100
AcDbXrecord
1000
SfG9R
  0
XRECORD
  5
10000170
102
{ACAD_REACTORS
330
1000016E
102
}
330
1000016E
100
AcDbXrecord
1000
SfG3F
  0
XRECORD
  5
10000173
102
{ACAD_REACTORS
330
10000172
102
}
330
10000172
100
AcDbXrecord
1000
SfGdU
  0
XRECORD
  5
10000174
102
{ACAD_REACTORS
330
10000172
102
}
330
10000172
100
AcDbXrecord
1000
SfGXI
  0
XRECORD
  5
10000177
102
{ACAD_REACTORS
330
10000176
102
}
330
10000176
100
AcDbXrecord
1000
SfGRH
  0
XRECORD
  5
10000178
102
{ACAD_REACTORS
330
10000176
102
}
330
10000176
100
AcDbXrecord
1000
SfGzC
  0
XRECORD
  5
1000017B
102
{ACAD_REACTORS
330
1000017A
102
}
330
1000017A
100
AcDbXrecord
1000
SfGNC
  0
XRECORD
  5
1000017C
102
{ACAD_REACTORS
330
1000017A
102
}
330
1000017A
100
AcDbXrecord
1000
SfGTK
  0
XRECORD
  5
1000017F
102
{ACAD_REACTORS
330
1000017E
102
}
330
1000017E
100
AcDbXrecord
1000
SfGxL
  0
XRECORD
  5
10000180
102
{ACAD_REACTORS
330
1000017E
102
}
330
1000017E
100
AcDbXrecord
1000
SfGvD
  0
XRECORD
  5
10000183
102
{ACAD_REACTORS
330
10000182
102
}
330
10000182
100
AcDbXrecord
1000
SfGdB
  0
XRECORD
  5
10000184
102
{ACAD_REACTORS
330
10000182
102
}
330
10000182
100
AcDbXrecord
1000
RfGL
  0
XRECORD
  5
10000187
102
{ACAD_REACTORS
330
10000186
102
}
330
10000186
100
AcDbXrecord
1000
SfGlU
  0
XRECORD
  5
10000188
102
{ACAD_REACTORS
330
10000186
102
}
330
10000186
100
AcDbXrecord
1000
SfGvU
  0
XRECORD
  5
1000018B
102
{ACAD_REACTORS
330
1000018A
102
}
330
1000018A
100
AcDbXrecord
1000
SfGRC
  0
XRECORD
  5
1000018C
102
{ACAD_REACTORS
330
1000018A
102
}
330
1000018A
100
AcDbXrecord
1000
SfGXK
  0
XRECORD
  5
1000018F
102
{ACAD_REACTORS
330
1000018E
102
}
330
1000018E
100
AcDbXrecord
1000
SfGhR
  0
XRECORD
  5
10000190
102
{ACAD_REACTORS
330
1000018E
102
}
330
1000018E
100
AcDbXrecord
1000
SfGbF
  0
XRECORD
  5
10000193
102
{ACAD_REACTORS
330
10000192
102
}
330
10000192
100
AcDbXrecord
1000
SfGtU
  0
XRECORD
  5
10000194
102
{ACAD_REACTORS
330
10000192
102
}
330
10000192
100
AcDbXrecord
1000
SfG3U
  0
XRECORD
  5
10000197
102
{ACAD_REACTORS
330
10000196
102
}
330
10000196
100
AcDbXrecord
1000
SfGRB
  0
XRECORD
  5
10000198
102
{ACAD_REACTORS
330
10000196
102
}
330
10000196
100
AcDbXrecord
1000
SfG3J
  0
XRECORD
  5
1000019B
102
{ACAD_REACTORS
330
1000019A
102
}
330
1000019A
100
AcDbXrecord
1000
SfGhU
  0
XRECORD
  5
1000019C
102
{ACAD_REACTORS
330
1000019A
102
}
330
1000019A
100
AcDbXrecord
1000
SfGbI
  0
XRECORD
  5
1000019F
102
{ACAD_REACTORS
330
1000019E
102
}
330
1000019E
100
AcDbXrecord
1000
SfGdC
  0
XRECORD
  5
100001A0
102
{ACAD_REACTORS
330
1000019E
102
}
330
1000019E
100
AcDbXrecord
1000
SfGjK
  0
XRECORD
  5
100001A3
102
{ACAD_REACTORS
330
100001A2
102
}
330
100001A2
100
AcDbXrecord
1000
SfGNT
  0
XRECORD
  5
100001A4
102
{ACAD_REACTORS
330
100001A2
102
}
330
100001A2
100
AcDbXrecord
1000
SfGHH
  0
XRECORD
  5
100001A7
102
{ACAD_REACTORS
330
100001A6
102
}
330
100001A6
100
AcDbXrecord
1000
SfG1U
  0
XRECORD
  5
100001A8
102
{ACAD_REACTORS
330
100001A6
102
}
330
100001A6
100
AcDbXrecord
1000
SfG/U
  0
XRECORD
  5
100001AB
102
{ACAD_REACTORS
330
100001AA
102
}
330
100001AA
100
AcDbXrecord
1000
SfGhC
  0
XRECORD
  5
100001AC
102
{ACAD_REACTORS
330
100001AA
102
}
330
100001AA
100
AcDbXrecord
1000
SfGnK
  0
XRECORD
  5
100001AF
102
{ACAD_REACTORS
330
100001AE
102
}
330
100001AE
100
AcDbXrecord
1000
SfGND
  0
XRECORD
  5
100001B0
102
{ACAD_REACTORS
330
100001AE
102
}
330
100001AE
100
AcDbXrecord
1000
SfGTL
  0
XRECORD
  5
100001B3
102
{ACAD_REACTORS
330
100001B2
102
}
330
100001B2
100
AcDbXrecord
1000
SfGtF
  0
XRECORD
  5
100001B4
102
{ACAD_REACTORS
330
100001B2
102
}
330
100001B2
100
AcDbXrecord
1000
SfGbB
  0
XRECORD
  5
100001B7
102
{ACAD_REACTORS
330
100001B6
102
}
330
100001B6
100
AcDbXrecord
1000
SfG9U
  0
XRECORD
  5
100001B8
102
{ACAD_REACTORS
330
100001B6
102
}
330
100001B6
100
AcDbXrecord
1000
SfGfI
  0
XRECORD
  5
100001BB
102
{ACAD_REACTORS
330
100001BA
102
}
330
100001BA
100
AcDbXrecord
1000
SfG1T
  0
XRECORD
  5
100001BC
102
{ACAD_REACTORS
330
100001BA
102
}
330
100001BA
100
AcDbXrecord
1000
SfGvH
  0
XRECORD
  5
100001BF
102
{ACAD_REACTORS
330
100001BE
102
}
330
100001BE
100
AcDbXrecord
1000
SfGZI
  0
XRECORD
  5
100001C0
102
{ACAD_REACTORS
330
100001BE
102
}
330
100001BE
100
AcDbXrecord
1000
SfGbN
  0
XRECORD
  5
100001C3
102
{ACAD_REACTORS
330
100001C2
102
}
330
100001C2
100
AcDbXrecord
1000
SfG1L
  0
XRECORD
  5
100001C4
102
{ACAD_REACTORS
330
100001C2
102
}
330
100001C2
100
AcDbXrecord
1000
SfGzD
  0
XRECORD
  5
100001C7
102
{ACAD_REACTORS
330
100001C6
102
}
330
100001C6
100
AcDbXrecord
1000
SfGpE
  0
XRECORD
  5
100001C8
102
{ACAD_REACTORS
330
100001C6
102
}
330
100001C6
100
AcDbXrecord
1000
SfGbM
  0
XRECORD
  5
100001CB
102
{ACAD_REACTORS
330
100001CA
102
}
330
100001CA
100
AcDbXrecord
1000
SfGZH
  0
XRECORD
  5
100001CC
102
{ACAD_REACTORS
330
100001CA
102
}
330
100001CA
100
AcDbXrecord
1000
SfG7C
  0
XRECORD
  5
100001CF
102
{ACAD_REACTORS
330
100001CE
102
}
330
100001CE
100
AcDbXrecord
1000
SfGxD
  0
XRECORD
  5
100001D0
102
{ACAD_REACTORS
330
100001CE
102
}
330
100001CE
100
AcDbXrecord
1000
SfGzL
  0
XRECORD
  5
100001D3
102
{ACAD_REACTORS
330
100001D2
102
}
330
100001D2
100
AcDbXrecord
1000
SfGdI
  0
XRECORD
  5
100001D4
102
{ACAD_REACTORS
330
100001D2
102
}
330
100001D2
100
AcDbXrecord
1000
SfGfN
  0
XRECORD
  5
100001D7
102
{ACAD_REACTORS
330
100001D6
102
}
330
100001D6
100
AcDbXrecord
1000
SfGhD
  0
XRECORD
  5
100001D8
102
{ACAD_REACTORS
330
100001D6
102
}
330
100001D6
100
AcDbXrecord
1000
RfGj
  0
XRECORD
  5
100001DB
102
{ACAD_REACTORS
330
100001DA
102
}
330
100001DA
100
AcDbXrecord
1000
SfGFB
  0
XRECORD
  5
100001DC
102
{ACAD_REACTORS
330
100001DA
102
}
330
100001DA
100
AcDbXrecord
1000
SfGrJ
  0
XRECORD
  5
100001DF
102
{ACAD_REACTORS
330
100001DE
102
}
330
100001DE
100
AcDbXrecord
1000
SfGhH
  0
XRECORD
  5
100001E0
102
{ACAD_REACTORS
330
100001DE
102
}
330
100001DE
100
AcDbXrecord
1000
SfGDD
  0
XRECORD
  5
100001E3
102
{ACAD_REACTORS
330
100001E2
102
}
330
100001E2
100
AcDbXrecord
1000
SfGVO
  0
XRECORD
  5
100001E4
102
{ACAD_REACTORS
330
100001E2
102
}
330
100001E2
100
AcDbXrecord
1000
SfGDS
  0
XRECORD
  5
100001E7
102
{ACAD_REACTORS
330
100001E6
102
}
330
100001E6
100
AcDbXrecord
1000
SfGNV
  0
XRECORD
  5
100001E8
102
{ACAD_REACTORS
330
100001E6
102
}
330
100001E6
100
AcDbXrecord
1000
SfGTV
  0
XRECORD
  5
100001EB
102
{ACAD_REACTORS
330
100001EA
102
}
330
100001EA
100
AcDbXrecord
1000
SfGJD
  0
XRECORD
  5
100001EC
102
{ACAD_REACTORS
330
100001EA
102
}
330
100001EA
100
AcDbXrecord
1000
SfGPL
  0
XRECORD
  5
100001EF
102
{ACAD_REACTORS
330
100001EE
102
}
330
100001EE
100
AcDbXrecord
1000
SfGhN
  0
XRECORD
  5
100001F0
102
{ACAD_REACTORS
330
100001EE
102
}
330
100001EE
100
AcDbXrecord
1000
SfGzE
  0
XRECORD
  5
100001F3
102
{ACAD_REACTORS
330
100001F2
102
}
330
100001F2
100
AcDbXrecord
1000
RfGB
  0
XRECORD
  5
100001F4
102
{ACAD_REACTORS
330
100001F2
102
}
330
100001F2
100
AcDbXrecord
1000
SfGnI
  0
XRECORD
  5
100001F7
102
{ACAD_REACTORS
330
100001F6
102
}
330
100001F6
100
AcDbXrecord
1000
SfGNG
  0
XRECORD
  5
100001F8
102
{ACAD_REACTORS
330
100001F6
102
}
330
100001F6
100
AcDbXrecord
1000
SfG7B
  0
XRECORD
  5
100001FB
102
{ACAD_REACTORS
330
100001FA
102
}
330
100001FA
100
AcDbXrecord
1000
SfGhI
  0
XRECORD
  5
100001FC
102
{ACAD_REACTORS
330
100001FA
102
}
330
100001FA
100
AcDbXrecord
1000
SfGjN
  0
XRECORD
  5
100001FF
102
{ACAD_REACTORS
330
100001FE
102
}
330
100001FE
100
AcDbXrecord
1000
SfGlR
  0
XRECORD
  5
10000200
102
{ACAD_REACTORS
330
100001FE
102
}
330
100001FE
100
AcDbXrecord
1000
SfGfF
  0
XRECORD
  5
10000203
102
{ACAD_REACTORS
330
10000202
102
}
330
10000202
100
AcDbXrecord
1000
SfGJB
  0
XRECORD
  5
10000204
102
{ACAD_REACTORS
330
10000202
102
}
330
10000202
100
AcDbXrecord
1000
SfGvJ
  0
XRECORD
  5
10000207
102
{ACAD_REACTORS
330
10000206
102
}
330
10000206
100
AcDbXrecord
1000
SfG5U
  0
XRECORD
  5
10000208
102
{ACAD_REACTORS
330
10000206
102
}
330
10000206
100
AcDbXrecord
1000
SfGDV
  0
XRECORD
  5
1000020B
102
{ACAD_REACTORS
330
1000020A
102
}
330
1000020A
100
AcDbXrecord
1000
SfGxS
  0
XRECORD
  5
1000020C
102
{ACAD_REACTORS
330
1000020A
102
}
330
1000020A
100
AcDbXrecord
1000
SfGrG
  0
XRECORD
  5
1000020F
102
{ACAD_REACTORS
330
1000020E
102
}
330
1000020E
100
AcDbXrecord
1000
SfGlV
  0
XRECORD
  5
10000210
102
{ACAD_REACTORS
330
1000020E
102
}
330
1000020E
100
AcDbXrecord
1000
SfGrV
  0
XRECORD
  5
10000213
102
{ACAD_REACTORS
330
10000212
102
}
330
10000212
100
AcDbXrecord
1000
SfGZJ
  0
XRECORD
  5
10000214
102
{ACAD_REACTORS
330
10000212
102
}
330
10000212
100
AcDbXrecord
1000
SfGbO
  0
XRECORD
  5
10000217
102
{ACAD_REACTORS
330
10000216
102
}
330
10000216
100
AcDbXrecord
1000
SfG1C
  0
XRECORD
  5
10000218
102
{ACAD_REACTORS
330
10000216
102
}
330
10000216
100
AcDbXrecord
1000
SfG7K
  0
XRECORD
  5
1000021B
102
{ACAD_REACTORS
330
1000021A
102
}
330
1000021A
100
AcDbXrecord
1000
SfGRV
  0
XRECORD
  5
1000021C
102
{ACAD_REACTORS
330
1000021A
102
}
330
1000021A
100
AcDbXrecord
1000
SfGXV
  0
XRECORD
  5
1000021F
102
{ACAD_REACTORS
330
1000021E
102
}
330
1000021E
100
AcDbXrecord
1000
RfGF
  0
XRECORD
  5
10000220
102
{ACAD_REACTORS
330
1000021E
102
}
330
1000021E
100
AcDbXrecord
1000
SfGrI
  0
XRECORD
  5
10000223
102
{ACAD_REACTORS
330
10000222
102
}
330
10000222
100
AcDbXrecord
1000
SfGlI
  0
XRECORD
  5
10000224
102
{ACAD_REACTORS
330
10000222
102
}
330
10000222
100
AcDbXrecord
1000
SfGnN
  0
XRECORD
  5
10000227
102
{ACAD_REACTORS
330
10000226
102
}
330
10000226
100
AcDbXrecord
1000
SfG5E
  0
XRECORD
  5
10000228
102
{ACAD_REACTORS
330
10000226
102
}
330
10000226
100
AcDbXrecord
1000
SfGnM
  0
XRECORD
  5
1000022B
102
{ACAD_REACTORS
330
1000022A
102
}
330
1000022A
100
AcDbXrecord
1000
SfG5H
  0
XRECORD
  5
1000022C
102
{ACAD_REACTORS
330
1000022A
102
}
330
1000022A
100
AcDbXrecord
1000
SfGXD
  0
XRECORD
  5
1000022F
102
{ACAD_REACTORS
330
1000022E
102
}
330
1000022E
100
AcDbXrecord
1000
SfGpU
  0
XRECORD
  5
10000230
102
{ACAD_REACTORS
330
1000022E
102
}
330
1000022E
100
AcDbXrecord
1000
SfGzU
  0
XRECORD
  5
10000233
102
{ACAD_REACTORS
330
10000232
102
}
330
10000232
100
AcDbXrecord
1000
SfGZU
  0
XRECORD
  5
10000234
102
{ACAD_REACTORS
330
10000232
102
}
330
10000232
100
AcDbXrecord
1000
SfGTI
  0
XRECORD
  5
10000237
102
{ACAD_REACTORS
330
10000236
102
}
330
10000236
100
AcDbXrecord
1000
SfGtQ
  0
XRECORD
  5
10000238
102
{ACAD_REACTORS
330
10000236
102
}
330
10000236
100
AcDbXrecord
1000
SfGLU
  0
XRECORD
  5
1000023B
102
{ACAD_REACTORS
330
1000023A
102
}
330
1000023A
100
AcDbXrecord
1000
SfG5C
  0
XRECORD
  5
1000023C
102
{ACAD_REACTORS
330
1000023A
102
}
330
1000023A
100
AcDbXrecord
1000
SfG/K
  0
XRECORD
  5
1000023F
102
{ACAD_REACTORS
330
1000023E
102
}
330
1000023E
100
AcDbXrecord
1000
SfGxG
  0
XRECORD
  5
10000240
102
{ACAD_REACTORS
330
1000023E
102
}
330
1000023E
100
AcDbXrecord
1000
SfGfC
  0
XRECORD
  5
10000243
102
{ACAD_REACTORS
330
10000242
102
}
330
10000242
100
AcDbXrecord
1000
SfGVV
  0
XRECORD
  5
10000244
102
{ACAD_REACTORS
330
10000242
102
}
330
10000242
100
AcDbXrecord
1000
SfGbV
  0
XRECORD
  5
10000247
102
{ACAD_REACTORS
330
10000246
102
}
330
10000246
100
AcDbXrecord
1000
SfGlS
  0
XRECORD
  5
10000248
102
{ACAD_REACTORS
330
10000246
102
}
330
10000246
100
AcDbXrecord
1000
SfGfG
  0
XRECORD
  5
1000024B
102
{ACAD_REACTORS
330
1000024A
102
}
330
1000024A
100
AcDbXrecord
1000
SfG9G
  0
XRECORD
  5
1000024C
102
{ACAD_REACTORS
330
1000024A
102
}
330
1000024A
100
AcDbXrecord
1000
SfGrC
  0
XRECORD
  5
1000024F
102
{ACAD_REACTORS
330
1000024E
102
}
330
1000024E
100
AcDbXrecord
1000
SfG5Q
  0
XRECORD
  5
10000250
102
{ACAD_REACTORS
330
1000024E
102
}
330
1000024E
100
AcDbXrecord
1000
SfGXU
  0
XRECORD
  5
10000253
102
{ACAD_REACTORS
330
10000252
102
}
330
10000252
100
AcDbXrecord
1000
SfGRT
  0
XRECORD
  5
10000254
102
{ACAD_REACTORS
330
10000252
102
}
330
10000252
100
AcDbXrecord
1000
SfGLH
  0
XRECORD
  5
10000257
102
{ACAD_REACTORS
330
10000256
102
}
330
10000256
100
AcDbXrecord
1000
SfG9C
  0
XRECORD
  5
10000258
102
{ACAD_REACTORS
330
10000256
102
}
330
10000256
100
AcDbXrecord
1000
SfGDL
  0
XRECORD
  5
1000025B
102
{ACAD_REACTORS
330
1000025A
102
}
330
1000025A
100
AcDbXrecord
1000
SfGdH
  0
XRECORD
  5
1000025C
102
{ACAD_REACTORS
330
1000025A
102
}
330
1000025A
100
AcDbXrecord
1000
SfG/C
  0
XRECORD
  5
1000025F
102
{ACAD_REACTORS
330
1000025E
102
}
330
1000025E
100
AcDbXrecord
1000
SfG5J
  0
XRECORD
  5
10000260
102
{ACAD_REACTORS
330
1000025E
102
}
330
1000025E
100
AcDbXrecord
1000
SfG7O
  0
XRECORD
  5
10000263
102
{ACAD_REACTORS
330
10000262
102
}
330
10000262
100
AcDbXrecord
1000
SfGZV
  0
XRECORD
  5
10000264
102
{ACAD_REACTORS
330
10000262
102
}
330
10000262
100
AcDbXrecord
1000
SfGfV
  0
XRECORD
  5
10000267
102
{ACAD_REACTORS
330
10000266
102
}
330
10000266
100
AcDbXrecord
1000
SfG5G
  0
XRECORD
  5
10000268
102
{ACAD_REACTORS
330
10000266
102
}
330
10000266
100
AcDbXrecord
1000
SfGnC
  0
XRECORD
  5
1000026B
102
{ACAD_REACTORS
330
1000026A
102
}
330
1000026A
100
AcDbXrecord
1000
SfGBN
  0
XRECORD
  5
1000026C
102
{ACAD_REACTORS
330
1000026A
102
}
330
1000026A
100
AcDbXrecord
1000
SfGPR
  0
XRECORD
  5
1000026F
102
{ACAD_REACTORS
330
1000026E
102
}
330
1000026E
100
AcDbXrecord
1000
SfGZB
  0
XRECORD
  5
10000270
102
{ACAD_REACTORS
330
1000026E
102
}
330
1000026E
100
AcDbXrecord
1000
RfGH
  0
XRECORD
  5
10000273
102
{ACAD_REACTORS
330
10000272
102
}
330
10000272
100
AcDbXrecord
1000
RfGR
  0
XRECORD
  5
10000274
102
{ACAD_REACTORS
330
10000272
102
}
330
10000272
100
AcDbXrecord
1000
SfG3I
  0
XRECORD
  5
10000277
102
{ACAD_REACTORS
330
10000276
102
}
330
10000276
100
AcDbXrecord
1000
SfGxI
  0
XRECORD
  5
10000278
102
{ACAD_REACTORS
330
10000276
102
}
330
10000276
100
AcDbXrecord
1000
SfGzN
  0
XRECORD
  5
1000027B
102
{ACAD_REACTORS
330
1000027A
102
}
330
1000027A
100
AcDbXrecord
1000
SfGJF
  0
XRECORD
  5
1000027C
102
{ACAD_REACTORS
330
1000027A
102
}
330
1000027A
100
AcDbXrecord
1000
RfG7
  0
XRECORD
  5
1000027F
102
{ACAD_REACTORS
330
1000027E
102
}
330
1000027E
100
AcDbXrecord
1000
SfGZM
  0
XRECORD
  5
10000280
102
{ACAD_REACTORS
330
1000027E
102
}
330
1000027E
100
AcDbXrecord
1000
SfGHR
  0
XRECORD
  5
10000283
102
{ACAD_REACTORS
330
10000282
102
}
330
10000282
100
AcDbXrecord
1000
SfGpJ
  0
XRECORD
  5
10000284
102
{ACAD_REACTORS
330
10000282
102
}
330
10000282
100
AcDbXrecord
1000
SfGrO
  0
XRECORD
  5
10000287
102
{ACAD_REACTORS
330
10000286
102
}
330
10000286
100
AcDbXrecord
1000
SfGFD
  0
XRECORD
  5
10000288
102
{ACAD_REACTORS
330
10000286
102
}
330
10000286
100
AcDbXrecord
1000
SfGLL
  0
XRECORD
  5
1000028B
102
{ACAD_REACTORS
330
1000028A
102
}
330
1000028A
100
AcDbXrecord
1000
SfGhV
  0
XRECORD
  5
1000028C
102
{ACAD_REACTORS
330
1000028A
102
}
330
1000028A
100
AcDbXrecord
1000
SfGnV
  0
XRECORD
  5
1000028F
102
{ACAD_REACTORS
330
1000028E
102
}
330
1000028E
100
AcDbXrecord
1000
SfGRN
  0
XRECORD
  5
10000290
102
{ACAD_REACTORS
330
1000028E
102
}
330
1000028E
100
AcDbXrecord
1000
SfGjE
  0
XRECORD
  5
10000293
102
{ACAD_REACTORS
330
10000292
102
}
330
10000292
100
AcDbXrecord
1000
SfGBH
  0
XRECORD
  5
10000294
102
{ACAD_REACTORS
330
10000292
102
}
330
10000292
100
AcDbXrecord
1000
SfGvC
  0
XRECORD
  5
10000297
102
{ACAD_REACTORS
330
10000296
102
}
330
10000296
100
AcDbXrecord
1000
SfGtI
  0
XRECORD
  5
10000298
102
{ACAD_REACTORS
330
10000296
102
}
330
10000296
100
AcDbXrecord
1000
SfGvN
  0
XRECORD
  5
1000029B
102
{ACAD_REACTORS
330
1000029A
102
}
330
1000029A
100
AcDbXrecord
1000
SfGBD
  0
XRECORD
  5
1000029C
102
{ACAD_REACTORS
330
1000029A
102
}
330
1000029A
100
AcDbXrecord
1000
SfGHL
  0
XRECORD
  5
1000029F
102
{ACAD_REACTORS
330
1000029E
102
}
330
1000029E
100
AcDbXrecord
1000
SfGxM
  0
XRECORD
  5
100002A0
102
{ACAD_REACTORS
330
1000029E
102
}
330
1000029E
100
AcDbXrecord
1000
SfGLE
  0
XRECORD
  5
100002A3
102
{ACAD_REACTORS
330
100002A2
102
}
330
100002A2
100
AcDbXrecord
1000
SfGdV
  0
XRECORD
  5
100002A4
102
{ACAD_REACTORS
330
100002A2
102
}
330
100002A2
100
AcDbXrecord
1000
SfGjV
  0
XRECORD
  5
100002A7
102
{ACAD_REACTORS
330
100002A6
102
}
330
100002A6
100
AcDbXrecord
1000
SfGVJ
  0
XRECORD
  5
100002A8
102
{ACAD_REACTORS
330
100002A6
102
}
330
100002A6
100
AcDbXrecord
1000
SfGXO
  0
XRECORD
  5
100002AB
102
{ACAD_REACTORS
330
100002AA
102
}
330
100002AA
100
AcDbXrecord
1000
SfGBS
  0
XRECORD
  5
100002AC
102
{ACAD_REACTORS
330
100002AA
102
}
330
100002AA
100
AcDbXrecord
1000
SfG7F
  0
XRECORD
  5
100002AF
102
{ACAD_REACTORS
330
100002AE
102
}
330
100002AE
100
AcDbXrecord
1000
SfGpG
  0
XRECORD
  5
100002B0
102
{ACAD_REACTORS
330
100002AE
102
}
330
100002AE
100
AcDbXrecord
1000
SfGXC
  0
XRECORD
  5
100002B3
102
{ACAD_REACTORS
330
100002B2
102
}
330
100002B2
100
AcDbXrecord
1000
SfGRJ
  0
XRECORD
  5
100002B4
102
{ACAD_REACTORS
330
100002B2
102
}
330
100002B2
100
AcDbXrecord
1000
SfGTO
  0
XRECORD
  5
100002B7
102
{ACAD_REACTORS
330
100002B6
102
}
330
100002B6
100
AcDbXrecord
1000
SfGtC
  0
XRECORD
  5
100002B8
102
{ACAD_REACTORS
330
100002B6
102
}
330
100002B6
100
AcDbXrecord
1000
SfGzK
  0
XRECORD
  5
100002BB
102
{ACAD_REACTORS
330
100002BA
102
}
330
100002BA
100
AcDbXrecord
1000
SfGJV
  0
XRECORD
  5
100002BC
102
{ACAD_REACTORS
330
100002BA
102
}
330
100002BA
100
AcDbXrecord
1000
SfGPV
  0
XRECORD
  5
100002BF
102
{ACAD_REACTORS
330
100002BE
102
}
330
100002BE
100
AcDbXrecord
1000
SfGRU
  0
XRECORD
  5
100002C0
102
{ACAD_REACTORS
330
100002BE
102
}
330
100002BE
100
AcDbXrecord
1000
SfGLI
  0
XRECORD
  5
100002C3
102
{ACAD_REACTORS
330
100002C2
102
}
330
100002C2
100
AcDbXrecord
1000
SfGNJ
  0
XRECORD
  5
100002C4
102
{ACAD_REACTORS
330
100002C2
102
}
330
100002C2
100
AcDbXrecord
1000
SfGPO
  0
XRECORD
  5
100002C7
102
{ACAD_REACTORS
330
100002C6
102
}
330
100002C6
100
AcDbXrecord
1000
SfG1M
  0
XRECORD
  5
100002C8
102
{ACAD_REACTORS
330
100002C6
102
}
330
100002C6
100
AcDbXrecord
1000
SfGPE
  0
XRECORD
  5
100002CB
102
{ACAD_REACTORS
330
100002CA
102
}
330
100002CA
100
AcDbXrecord
1000
SfGpC
  0
XRECORD
  5
100002CC
102
{ACAD_REACTORS
330
100002CA
102
}
330
100002CA
100
AcDbXrecord
1000
SfGvK
  0
XRECORD
  5
100002CF
102
{ACAD_REACTORS
330
100002CE
102
}
330
100002CE
100
AcDbXrecord
1000
SfGFV
  0
XRECORD
  5
100002D0
102
{ACAD_REACTORS
330
100002CE
102
}
330
100002CE
100
AcDbXrecord
1000
SfGLV
  0
XRECORD
  5
100002D3
102
{ACAD_REACTORS
330
100002D2
102
}
330
100002D2
100
AcDbXrecord
1000
SfGpH
  0
XRECORD
  5
100002D4
102
{ACAD_REACTORS
330
100002D2
102
}
330
100002D2
100
AcDbXrecord
1000
SfGHD
  0
XRECORD
  5
100002D7
102
{ACAD_REACTORS
330
100002D6
102
}
330
100002D6
100
AcDbXrecord
1000
SfGlJ
  0
XRECORD
  5
100002D8
102
{ACAD_REACTORS
330
100002D6
102
}
330
100002D6
100
AcDbXrecord
1000
SfGnO
  0
XRECORD
  5
100002DB
102
{ACAD_REACTORS
330
100002DA
102
}
330
100002DA
100
AcDbXrecord
1000
SfGJJ
  0
XRECORD
  5
100002DC
102
{ACAD_REACTORS
330
100002DA
102
}
330
100002DA
100
AcDbXrecord
1000
SfGLO
  0
XRECORD
  5
100002DF
102
{ACAD_REACTORS
330
100002DE
102
}
330
100002DE
100
AcDbXrecord
1000
SfGlC
  0
XRECORD
  5
100002E0
102
{ACAD_REACTORS
330
100002DE
102
}
330
100002DE
100
AcDbXrecord
1000
SfGrK
  0
XRECORD
  5
100002E3
102
{ACAD_REACTORS
330
100002E2
102
}
330
100002E2
100
AcDbXrecord
1000
SfG1H
  0
XRECORD
  5
100002E4
102
{ACAD_REACTORS
330
100002E2
102
}
330
100002E2
100
AcDbXrecord
1000
SfGTD
  0
XRECORD
  5
100002E7
102
{ACAD_REACTORS
330
100002E6
102
}
330
100002E6
100
AcDbXrecord
1000
SfGBV
  0
XRECORD
  5
100002E8
102
{ACAD_REACTORS
330
100002E6
102
}
330
100002E6
100
AcDbXrecord
1000
SfGHV
  0
XRECORD
  5
100002EB
102
{ACAD_REACTORS
330
100002EA
102
}
330
100002EA
100
AcDbXrecord
1000
SfGFJ
  0
XRECORD
  5
100002EC
102
{ACAD_REACTORS
330
100002EA
102
}
330
100002EA
100
AcDbXrecord
1000
SfGHO
  0
XRECORD
  5
100002EF
102
{ACAD_REACTORS
330
100002EE
102
}
330
100002EE
100
AcDbXrecord
1000
SfG1G
  0
XRECORD
  5
100002F0
102
{ACAD_REACTORS
330
100002EE
102
}
330
100002EE
100
AcDbXrecord
1000
SfGjC
  0
XRECORD
  5
100002F3
102
{ACAD_REACTORS
330
100002F2
102
}
330
100002F2
100
AcDbXrecord
1000
SfGBJ
  0
XRECORD
  5
100002F4
102
{ACAD_REACTORS
330
100002F2
102
}
330
100002F2
100
AcDbXrecord
1000
SfGDO
  0
XRECORD
  5
100002F7
102
{ACAD_REACTORS
330
100002F6
102
}
330
100002F6
100
AcDbXrecord
1000
SfG5I
  0
XRECORD
  5
100002F8
102
{ACAD_REACTORS
330
100002F6
102
}
330
100002F6
100
AcDbXrecord
1000
SfG7N
  0
XRECORD
  5
100002FB
102
{ACAD_REACTORS
330
100002FA
102
}
330
100002FA
100
AcDbXrecord
1000
SfGFC
  0
XRECORD
  5
100002FC
102
{ACAD_REACTORS
330
100002FA
102
}
330
100002FA
100
AcDbXrecord
1000
RfGf
  0
XRECORD
  5
100002FF
102
{ACAD_REACTORS
330
100002FE
102
}
330
100002FE
100
AcDbXrecord
1000
SfGVL
  0
XRECORD
  5
10000300
102
{ACAD_REACTORS
330
100002FE
102
}
330
100002FE
100
AcDbXrecord
1000
SfGTQ
  0
XRECORD
  5
10000303
102
{ACAD_REACTORS
330
10000302
102
}
330
10000302
100
AcDbXrecord
1000
SfG1I
  0
XRECORD
  5
10000304
102
{ACAD_REACTORS
330
10000302
102
}
330
10000302
100
AcDbXrecord
1000
SfG3N
  0
XRECORD
  5
10000307
102
{ACAD_REACTORS
330
10000306
102
}
330
10000306
100
AcDbXrecord
1000
SfGVI
  0
XRECORD
  5
10000308
102
{ACAD_REACTORS
330
10000306
102
}
330
10000306
100
AcDbXrecord
1000
SfGXN
  0
XRECORD
  5
1000030B
102
{ACAD_REACTORS
330
1000030A
102
}
330
1000030A
100
AcDbXrecord
1000
SfGVS
  0
XRECORD
  5
1000030C
102
{ACAD_REACTORS
330
1000030A
102
}
330
1000030A
100
AcDbXrecord
1000
SfGPG
  0
XRECORD
  5
1000030F
102
{ACAD_REACTORS
330
1000030E
102
}
330
1000030E
100
AcDbXrecord
1000
SfGxQ
  0
XRECORD
  5
10000310
102
{ACAD_REACTORS
330
1000030E
102
}
330
1000030E
100
AcDbXrecord
1000
SfGPU
  0
XRECORD
  5
10000313
102
{ACAD_REACTORS
330
10000312
102
}
330
10000312
100
AcDbXrecord
1000
SfGxH
  0
XRECORD
  5
10000314
102
{ACAD_REACTORS
330
10000312
102
}
330
10000312
100
AcDbXrecord
1000
SfGPD
  0
XRECORD
  5
10000317
102
{ACAD_REACTORS
330
10000316
102
}
330
10000316
100
AcDbXrecord
1000
SfGNI
  0
XRECORD
  5
10000318
102
{ACAD_REACTORS
330
10000316
102
}
330
10000316
100
AcDbXrecord
1000
SfGPN
  0
XRECORD
  5
1000031B
102
{ACAD_REACTORS
330
1000031A
102
}
330
1000031A
100
AcDbXrecord
1000
RfGh
  0
XRECORD
  5
1000031C
102
{ACAD_REACTORS
330
1000031A
102
}
330
1000031A
100
AcDbXrecord
1000
SfGHJ
  0
XRECORD
  5
1000031F
102
{ACAD_REACTORS
330
1000031E
102
}
330
1000031E
100
AcDbXrecord
1000
SfGFI
  0
XRECORD
  5
10000320
102
{ACAD_REACTORS
330
1000031E
102
}
330
1000031E
100
AcDbXrecord
1000
SfGjD
  0
XRECORD
  5
10000323
102
{ACAD_REACTORS
330
10000322
102
}
330
10000322
100
AcDbXrecord
1000
SfGRF
  0
XRECORD
  5
10000324
102
{ACAD_REACTORS
330
10000322
102
}
330
10000322
100
AcDbXrecord
1000
RfG/
  0
XRECORD
  5
10000327
102
{ACAD_REACTORS
330
10000326
102
}
330
10000326
100
AcDbXrecord
1000
SfGZC
  0
XRECORD
  5
10000328
102
{ACAD_REACTORS
330
10000326
102
}
330
10000326
100
AcDbXrecord
1000
SfGfK
  0
XRECORD
  5
1000032B
102
{ACAD_REACTORS
330
1000032A
102
}
330
1000032A
100
AcDbXrecord
1000
SfGxU
  0
XRECORD
  5
1000032C
102
{ACAD_REACTORS
330
1000032A
102
}
330
1000032A
100
AcDbXrecord
1000
SfG7U
  0
XRECORD
  5
1000032F
102
{ACAD_REACTORS
330
1000032E
102
}
330
1000032E
100
AcDbXrecord
1000
RfGN
  0
XRECORD
  5
10000330
102
{ACAD_REACTORS
330
1000032E
102
}
330
1000032E
100
AcDbXrecord
1000
SfGzI
  0
XRECORD
  5
10000333
102
{ACAD_REACTORS
330
10000332
102
}
330
10000332
100
AcDbXrecord
1000
SfGBI
  0
XRECORD
  5
10000334
102
{ACAD_REACTORS
330
10000332
102
}
330
10000332
100
AcDbXrecord
1000
SfGfD
  0
XRECORD
  5
10000337
102
{ACAD_REACTORS
330
10000336
102
}
330
10000336
100
AcDbXrecord
1000
SfGNP
  0
XRECORD
  5
10000338
102
{ACAD_REACTORS
330
10000336
102
}
330
10000336
100
AcDbXrecord
1000
SfG3S
  0
XRECORD
  5
1000033B
102
{ACAD_REACTORS
330
1000033A
102
}
330
1000033A
100
AcDbXrecord
1000
SfG9H
  0
XRECORD
  5
1000033C
102
{ACAD_REACTORS
330
1000033A
102
}
330
1000033A
100
AcDbXrecord
1000
SfGbD
  0
XRECORD
  5
1000033F
102
{ACAD_REACTORS
330
1000033E
102
}
330
1000033E
100
AcDbXrecord
1000
SfGtK
  0
XRECORD
  5
10000340
102
{ACAD_REACTORS
330
1000033E
102
}
330
1000033E
100
AcDbXrecord
1000
SfGvP
  0
XRECORD
  5
10000343
102
{ACAD_REACTORS
330
10000342
102
}
330
10000342
100
AcDbXrecord
1000
SfGhJ
  0
XRECORD
  5
10000344
102
{ACAD_REACTORS
330
10000342
102
}
330
10000342
100
AcDbXrecord
1000
SfGjO
  0
XRECORD
  5
10000347
102
{ACAD_REACTORS
330
10000346
102
}
330
10000346
100
AcDbXrecord
1000
SfGtH
  0
XRECORD
  5
10000348
102
{ACAD_REACTORS
330
10000346
102
}
330
10000346
100
AcDbXrecord
1000
SfGLD
  0
XRECORD
  5
1000034B
102
{ACAD_REACTORS
330
1000034A
102
}
330
1000034A
100
AcDbXrecord
1000
SfGlH
  0
XRECORD
  5
1000034C
102
{ACAD_REACTORS
330
1000034A
102
}
330
1000034A
100
AcDbXrecord
1000
SfGHN
  0
XRECORD
  5
1000034F
102
{ACAD_REACTORS
330
1000034E
102
}
330
1000034E
100
AcDbXrecord
1000
SfGVB
  0
XRECORD
  5
10000350
102
{ACAD_REACTORS
330
1000034E
102
}
330
1000034E
100
AcDbXrecord
1000
RfGD
  0
XRECORD
  5
10000353
102
{ACAD_REACTORS
330
10000352
102
}
330
10000352
100
AcDbXrecord
1000
SfGdK
  0
XRECORD
  5
10000354
102
{ACAD_REACTORS
330
10000352
102
}
330
10000352
100
AcDbXrecord
1000
SfGfP
  0
XRECORD
  5
10000357
102
{ACAD_REACTORS
330
10000356
102
}
330
10000356
100
AcDbXrecord
1000
SfGNH
  0
XRECORD
  5
10000358
102
{ACAD_REACTORS
330
10000356
102
}
330
10000356
100
AcDbXrecord
1000
SfGDN
  0
XRECORD
  5
1000035B
102
{ACAD_REACTORS
330
1000035A
102
}
330
1000035A
100
AcDbXrecord
1000
SfGJH
  0
XRECORD
  5
1000035C
102
{ACAD_REACTORS
330
1000035A
102
}
330
1000035A
100
AcDbXrecord
1000
SfG/M
  0
XRECORD
  5
1000035F
102
{ACAD_REACTORS
330
1000035E
102
}
330
1000035E
100
AcDbXrecord
1000
SfGlG
  0
XRECORD
  5
10000360
102
{ACAD_REACTORS
330
1000035E
102
}
330
1000035E
100
AcDbXrecord
1000
SfGTC
  0
XRECORD
  5
10000363
102
{ACAD_REACTORS
330
10000362
102
}
330
10000362
100
AcDbXrecord
1000
SfGFH
  0
XRECORD
  5
10000364
102
{ACAD_REACTORS
330
10000362
102
}
330
10000362
100
AcDbXrecord
1000
SfG7M
  0
XRECORD
  5
10000367
102
{ACAD_REACTORS
330
10000366
102
}
330
10000366
100
AcDbXrecord
1000
SfGJC
  0
XRECORD
  5
10000368
102
{ACAD_REACTORS
330
10000366
102
}
330
10000366
100
AcDbXrecord
1000
SfGPK
  0
XRECORD
  5
1000036B
102
{ACAD_REACTORS
330
1000036A
102
}
330
1000036A
100
AcDbXrecord
1000
SfGhG
  0
XRECORD
  5
1000036C
102
{ACAD_REACTORS
330
1000036A
102
}
330
1000036A
100
AcDbXrecord
1000
SfGPC
  0
XRECORD
  5
1000036F
102
{ACAD_REACTORS
330
1000036E
102
}
330
1000036E
100
AcDbXrecord
1000
SfG9P
  0
XRECORD
  5
10000370
102
{ACAD_REACTORS
330
1000036E
102
}
330
1000036E
100
AcDbXrecord
1000
SfGjT
  0
XRECORD
  5
10000373
102
{ACAD_REACTORS
330
10000372
102
}
330
10000372
100
AcDbXrecord
1000
SfGlD
  0
XRECORD
  5
10000374
102
{ACAD_REACTORS
330
10000372
102
}
330
10000372
100
AcDbXrecord
1000
SfGnL
  0
XRECORD
  5
10000377
102
{ACAD_REACTORS
330
10000376
102
}
330
10000376
100
AcDbXrecord
1000
SfGtD
  0
XRECORD
  5
10000378
102
{ACAD_REACTORS
330
10000376
102
}
330
10000376
100
AcDbXrecord
1000
SfGvL
  0
XRECORD
  5
1000037B
102
{ACAD_REACTORS
330
1000037A
102
}
330
1000037A
100
AcDbXrecord
1000
SfG1D
  0
XRECORD
  5
1000037C
102
{ACAD_REACTORS
330
1000037A
102
}
330
1000037A
100
AcDbXrecord
1000
RfGn
  0
XRECORD
  5
1000037F
102
{ACAD_REACTORS
330
1000037E
102
}
330
1000037E
100
AcDbXrecord
1000
SfG5D
  0
XRECORD
  5
10000380
102
{ACAD_REACTORS
330
1000037E
102
}
330
1000037E
100
AcDbXrecord
1000
SfG3L
  0
XRECORD
  5
10000383
102
{ACAD_REACTORS
330
10000382
102
}
330
10000382
100
AcDbXrecord
1000
SfG9D
  0
XRECORD
  5
10000384
102
{ACAD_REACTORS
330
10000382
102
}
330
10000382
100
AcDbXrecord
1000
SfG7L
  0
XRECORD
  5
10000387
102
{ACAD_REACTORS
330
10000386
102
}
330
10000386
100
AcDbXrecord
1000
SfGVN
  0
XRECORD
  5
10000388
102
{ACAD_REACTORS
330
10000386
102
}
330
10000386
100
AcDbXrecord
1000
SfGnE
  0
XRECORD
  5
1000038B
102
{ACAD_REACTORS
330
1000038A
102
}
330
1000038A
100
AcDbXrecord
1000
SfGBE
  0
XRECORD
  5
1000038C
102
{ACAD_REACTORS
330
1000038A
102
}
330
1000038A
100
AcDbXrecord
1000
SfG/L
  0
XRECORD
  5
1000038F
102
{ACAD_REACTORS
330
1000038E
102
}
330
1000038E
100
AcDbXrecord
1000
SfGZS
  0
XRECORD
  5
10000390
102
{ACAD_REACTORS
330
1000038E
102
}
330
1000038E
100
AcDbXrecord
1000
SfGTG
  0
XRECORD
  5
10000393
102
{ACAD_REACTORS
330
10000392
102
}
330
10000392
100
AcDbXrecord
1000
SfGJG
  0
XRECORD
  5
10000394
102
{ACAD_REACTORS
330
10000392
102
}
330
10000392
100
AcDbXrecord
1000
SfG3B
  0
XRECORD
  5
10000397
102
{ACAD_REACTORS
330
10000396
102
}
330
10000396
100
AcDbXrecord
1000
SfGJE
  0
XRECORD
  5
10000398
102
{ACAD_REACTORS
330
10000396
102
}
330
10000396
100
AcDbXrecord
1000
SfGHM
  0
XRECORD
  5
1000039B
102
{ACAD_REACTORS
330
1000039A
102
}
330
1000039A
100
AcDbXrecord
1000
SfGNE
  0
XRECORD
  5
1000039C
102
{ACAD_REACTORS
330
1000039A
102
}
330
1000039A
100
AcDbXrecord
1000
SfGLM
  0
XRECORD
  5
1000039F
102
{ACAD_REACTORS
330
1000039E
102
}
330
1000039E
100
AcDbXrecord
1000
SfG1J
  0
XRECORD
  5
100003A0
102
{ACAD_REACTORS
330
1000039E
102
}
330
1000039E
100
AcDbXrecord
1000
SfG3O
  0
XRECORD
  5
100003A3
102
{ACAD_REACTORS
330
100003A2
102
}
330
100003A2
100
AcDbXrecord
1000
SfG9J
  0
XRECORD
  5
100003A4
102
{ACAD_REACTORS
330
100003A2
102
}
330
100003A2
100
AcDbXrecord
1000
SfG/O
  0
XRECORD
  5
100003A7
102
{ACAD_REACTORS
330
100003A6
102
}
330
100003A6
100
AcDbXrecord
1000
SfGBK
  0
XRECORD
  5
100003A8
102
{ACAD_REACTORS
330
100003A6
102
}
330
100003A6
100
AcDbXrecord
1000
SfGDP
  0
XRECORD
  5
100003AB
102
{ACAD_REACTORS
330
100003AA
102
}
330
100003AA
100
AcDbXrecord
1000
SfGZN
  0
XRECORD
  5
100003AC
102
{ACAD_REACTORS
330
100003AA
102
}
330
100003AA
100
AcDbXrecord
1000
SfGrE
  0
XRECORD
  5
100003AF
102
{ACAD_REACTORS
330
100003AE
102
}
330
100003AE
100
AcDbXrecord
1000
SfGFK
  0
XRECORD
  5
100003B0
102
{ACAD_REACTORS
330
100003AE
102
}
330
100003AE
100
AcDbXrecord
1000
SfGHP
  0
XRECORD
  5
100003B3
102
{ACAD_REACTORS
330
100003B2
102
}
330
100003B2
100
AcDbXrecord
1000
SfGJK
  0
XRECORD
  5
100003B4
102
{ACAD_REACTORS
330
100003B2
102
}
330
100003B2
100
AcDbXrecord
1000
SfGLP
  0
XRECORD
  5
100003B7
102
{ACAD_REACTORS
330
100003B6
102
}
330
100003B6
100
AcDbXrecord
1000
SfGdS
  0
XRECORD
  5
100003B8
102
{ACAD_REACTORS
330
100003B6
102
}
330
100003B6
100
AcDbXrecord
1000
SfGXG
  0
XRECORD
  5
100003BB
102
{ACAD_REACTORS
330
100003BA
102
}
330
100003BA
100
AcDbXrecord
1000
SfGNK
  0
XRECORD
  5
100003BC
102
{ACAD_REACTORS
330
100003BA
102
}
330
100003BA
100
AcDbXrecord
1000
SfGPP
  0
XRECORD
  5
100003BF
102
{ACAD_REACTORS
330
100003BE
102
}
330
100003BE
100
AcDbXrecord
1000
SfGhB
  0
XRECORD
  5
100003C0
102
{ACAD_REACTORS
330
100003BE
102
}
330
100003BE
100
AcDbXrecord
1000
RfGP
  0
XRECORD
  5
100003C3
102
{ACAD_REACTORS
330
100003C2
102
}
330
100003C2
100
AcDbXrecord
1000
SfGZK
  0
XRECORD
  5
100003C4
102
{ACAD_REACTORS
330
100003C2
102
}
330
100003C2
100
AcDbXrecord
1000
SfGbP
  0
XRECORD
  5
100003C7
102
{ACAD_REACTORS
330
100003C6
102
}
330
100003C6
100
AcDbXrecord
1000
SfGdT
  0
XRECORD
  5
100003C8
102
{ACAD_REACTORS
330
100003C6
102
}
330
100003C6
100
AcDbXrecord
1000
SfGXH
  0
XRECORD
  5
100003CB
102
{ACAD_REACTORS
330
100003CA
102
}
330
100003CA
100
AcDbXrecord
1000
SfGhK
  0
XRECORD
  5
100003CC
102
{ACAD_REACTORS
330
100003CA
102
}
330
100003CA
100
AcDbXrecord
1000
SfGjP
  0
XRECORD
  5
100003CF
102
{ACAD_REACTORS
330
100003CE
102
}
330
100003CE
100
AcDbXrecord
1000
SfGpK
  0
XRECORD
  5
100003D0
102
{ACAD_REACTORS
330
100003CE
102
}
330
100003CE
100
AcDbXrecord
1000
SfGrP
  0
XRECORD
  5
100003D3
102
{ACAD_REACTORS
330
100003D2
102
}
330
100003D2
100
AcDbXrecord
1000
SfGVK
  0
XRECORD
  5
100003D4
102
{ACAD_REACTORS
330
100003D2
102
}
330
100003D2
100
AcDbXrecord
1000
SfGXP
  0
XRECORD
  5
100003D7
102
{ACAD_REACTORS
330
100003D6
102
}
330
100003D6
100
AcDbXrecord
1000
SfGxK
  0
XRECORD
  5
100003D8
102
{ACAD_REACTORS
330
100003D6
102
}
330
100003D6
100
AcDbXrecord
1000
SfGnD
  0
XRECORD
  5
100003DB
102
{ACAD_REACTORS
330
100003DA
102
}
330
100003DA
100
AcDbXrecord
1000
SfG1K
  0
XRECORD
  5
100003DC
102
{ACAD_REACTORS
330
100003DA
102
}
330
100003DA
100
AcDbXrecord
1000
SfGzP
  0
XRECORD
  5
100003DF
102
{ACAD_REACTORS
330
100003DE
102
}
330
100003DE
100
AcDbXrecord
1000
SfG5K
  0
XRECORD
  5
100003E0
102
{ACAD_REACTORS
330
100003DE
102
}
330
100003DE
100
AcDbXrecord
1000
SfG3P
  0
XRECORD
  5
100003E3
102
{ACAD_REACTORS
330
100003E2
102
}
330
100003E2
100
AcDbXrecord
1000
SfGpQ
  0
XRECORD
  5
100003E4
102
{ACAD_REACTORS
330
100003E2
102
}
330
100003E2
100
AcDbXrecord
1000
SfGHF
  0
XRECORD
  5
100003E7
102
{ACAD_REACTORS
330
100003E6
102
}
330
100003E6
100
AcDbXrecord
1000
SfG9K
  0
XRECORD
  5
100003E8
102
{ACAD_REACTORS
330
100003E6
102
}
330
100003E6
100
AcDbXrecord
1000
SfG7P
  0
XRECORD
  5
100003EB
102
{ACAD_REACTORS
330
100003EA
102
}
330
100003EA
100
AcDbXrecord
1000
SfGBL
  0
XRECORD
  5
100003EC
102
{ACAD_REACTORS
330
100003EA
102
}
330
100003EA
100
AcDbXrecord
1000
SfG/P
  0
XRECORD
  5
100003EF
102
{ACAD_REACTORS
330
100003EE
102
}
330
100003EE
100
AcDbXrecord
1000
SfG5S
  0
XRECORD
  5
100003F0
102
{ACAD_REACTORS
330
100003EE
102
}
330
100003EE
100
AcDbXrecord
1000
SfGzG
  0
XRECORD
  5
100003F3
102
{ACAD_REACTORS
330
100003F2
102
}
330
100003F2
100
AcDbXrecord
1000
SfGFL
  0
XRECORD
  5
100003F4
102
{ACAD_REACTORS
330
100003F2
102
}
330
100003F2
100
AcDbXrecord
1000
SfGDQ
  0
XRECORD
  5
100003F7
102
{ACAD_REACTORS
330
100003F6
102
}
330
100003F6
100
AcDbXrecord
1000
SfGJL
  0
XRECORD
  5
100003F8
102
{ACAD_REACTORS
330
100003F6
102
}
330
100003F6
100
AcDbXrecord
1000
SfGHQ
  0
XRECORD
  5
100003FB
102
{ACAD_REACTORS
330
100003FA
102
}
330
100003FA
100
AcDbXrecord
1000
SfGdE
  0
XRECORD
  5
100003FC
102
{ACAD_REACTORS
330
100003FA
102
}
330
100003FA
100
AcDbXrecord
1000
RfGr
  0
XRECORD
  5
100003FF
102
{ACAD_REACTORS
330
100003FE
102
}
330
100003FE
100
AcDbXrecord
1000
SfGRL
  0
XRECORD
  5
10000400
102
{ACAD_REACTORS
330
100003FE
102
}
330
100003FE
100
AcDbXrecord
1000
SfGPQ
  0
XRECORD
  5
10000403
102
{ACAD_REACTORS
330
10000402
102
}
330
10000402
100
AcDbXrecord
1000
SfGZL
  0
XRECORD
  5
10000404
102
{ACAD_REACTORS
330
10000402
102
}
330
10000402
100
AcDbXrecord
1000
SfGXQ
  0
XRECORD
  5
10000407
102
{ACAD_REACTORS
330
10000406
102
}
330
10000406
100
AcDbXrecord
1000
SfGhL
  0
XRECORD
  5
10000408
102
{ACAD_REACTORS
330
10000406
102
}
330
10000406
100
AcDbXrecord
1000
SfGfQ
  0
XRECORD
  5
1000040B
102
{ACAD_REACTORS
330
1000040A
102
}
330
1000040A
100
AcDbXrecord
1000
SfGlL
  0
XRECORD
  5
1000040C
102
{ACAD_REACTORS
330
1000040A
102
}
330
1000040A
100
AcDbXrecord
1000
SfGjQ
  0
XRECORD
  5
1000040F
102
{ACAD_REACTORS
330
1000040E
102
}
330
1000040E
100
AcDbXrecord
1000
SfG5L
  0
XRECORD
  5
10000410
102
{ACAD_REACTORS
330
1000040E
102
}
330
1000040E
100
AcDbXrecord
1000
SfG3D
  0
XRECORD
  5
10000413
102
{ACAD_REACTORS
330
10000412
102
}
330
10000412
100
AcDbXrecord
1000
SfGpL
  0
XRECORD
  5
10000414
102
{ACAD_REACTORS
330
10000412
102
}
330
10000412
100
AcDbXrecord
1000
SfGnQ
  0
XRECORD
  5
10000417
102
{ACAD_REACTORS
330
10000416
102
}
330
10000416
100
AcDbXrecord
1000
SfGtL
  0
XRECORD
  5
10000418
102
{ACAD_REACTORS
330
10000416
102
}
330
10000416
100
AcDbXrecord
1000
SfGrD
  0
XRECORD
  5
1000041B
102
{ACAD_REACTORS
330
1000041A
102
}
330
1000041A
100
AcDbXrecord
1000
SfG9L
  0
XRECORD
  5
1000041C
102
{ACAD_REACTORS
330
1000041A
102
}
330
1000041A
100
AcDbXrecord
1000
SfGrQ
  0
XRECORD
  5
1000041F
102
{ACAD_REACTORS
330
1000041E
102
}
330
1000041E
100
AcDbXrecord
1000
SfGpR
  0
XRECORD
  5
10000420
102
{ACAD_REACTORS
330
1000041E
102
}
330
1000041E
100
AcDbXrecord
1000
SfGjF
  0
XRECORD
  5
10000423
102
{ACAD_REACTORS
330
10000422
102
}
330
10000422
100
AcDbXrecord
1000
SfGBM
  0
XRECORD
  5
10000424
102
{ACAD_REACTORS
330
10000422
102
}
330
10000422
100
AcDbXrecord
1000
SfGvQ
  0
XRECORD
  5
10000427
102
{ACAD_REACTORS
330
10000426
102
}
330
10000426
100
AcDbXrecord
1000
SfGFM
  0
XRECORD
  5
10000428
102
{ACAD_REACTORS
330
10000426
102
}
330
10000426
100
AcDbXrecord
1000
SfGzQ
  0
XRECORD
  5
1000042B
102
{ACAD_REACTORS
330
1000042A
102
}
330
1000042A
100
AcDbXrecord
1000
SfGVT
  0
XRECORD
  5
1000042C
102
{ACAD_REACTORS
330
1000042A
102
}
330
1000042A
100
AcDbXrecord
1000
SfGPH
  0
XRECORD
  5
1000042F
102
{ACAD_REACTORS
330
1000042E
102
}
330
1000042E
100
AcDbXrecord
1000
SfGJM
  0
XRECORD
  5
10000430
102
{ACAD_REACTORS
330
1000042E
102
}
330
1000042E
100
AcDbXrecord
1000
SfG3Q
  0
XRECORD
  5
10000433
102
{ACAD_REACTORS
330
10000432
102
}
330
10000432
100
AcDbXrecord
1000
SfGNM
  0
XRECORD
  5
10000434
102
{ACAD_REACTORS
330
10000432
102
}
330
10000432
100
AcDbXrecord
1000
SfG7Q
  0
XRECORD
  5
10000437
102
{ACAD_REACTORS
330
10000436
102
}
330
10000436
100
AcDbXrecord
1000
SfGZF
  0
XRECORD
  5
10000438
102
{ACAD_REACTORS
330
10000436
102
}
330
10000436
100
AcDbXrecord
1000
SfGHB
  0
XRECORD
  5
1000043B
102
{ACAD_REACTORS
330
1000043A
102
}
330
1000043A
100
AcDbXrecord
1000
SfGVM
  0
XRECORD
  5
1000043C
102
{ACAD_REACTORS
330
1000043A
102
}
330
1000043A
100
AcDbXrecord
1000
SfGDR
  0
XRECORD
  5
1000043F
102
{ACAD_REACTORS
330
1000043E
102
}
330
1000043E
100
AcDbXrecord
1000
SfGdM
  0
XRECORD
  5
10000440
102
{ACAD_REACTORS
330
1000043E
102
}
330
1000043E
100
AcDbXrecord
1000
SfGLR
  0
XRECORD
  5
10000443
102
{ACAD_REACTORS
330
10000442
102
}
330
10000442
100
AcDbXrecord
1000
SfGBB
  0
XRECORD
  5
10000444
102
{ACAD_REACTORS
330
10000442
102
}
330
10000442
100
AcDbXrecord
1000
SfGnJ
  0
XRECORD
  5
10000447
102
{ACAD_REACTORS
330
10000446
102
}
330
10000446
100
AcDbXrecord
1000
SfGhM
  0
XRECORD
  5
10000448
102
{ACAD_REACTORS
330
10000446
102
}
330
10000446
100
AcDbXrecord
1000
SfG7D
  0
XRECORD
  5
1000044B
102
{ACAD_REACTORS
330
1000044A
102
}
330
1000044A
100
AcDbXrecord
1000
SfGFQ
  0
XRECORD
  5
1000044C
102
{ACAD_REACTORS
330
1000044A
102
}
330
1000044A
100
AcDbXrecord
1000
SfGrT
  0
XRECORD
  5
1000044F
102
{ACAD_REACTORS
330
1000044E
102
}
330
1000044E
100
AcDbXrecord
1000
SfGlM
  0
XRECORD
  5
10000450
102
{ACAD_REACTORS
330
1000044E
102
}
330
1000044E
100
AcDbXrecord
1000
SfG/D
  0
XRECORD
  5
10000453
102
{ACAD_REACTORS
330
10000452
102
}
330
10000452
100
AcDbXrecord
1000
SfGNL
  0
XRECORD
  5
10000454
102
{ACAD_REACTORS
330
10000452
102
}
330
10000452
100
AcDbXrecord
1000
SfGLQ
  0
XRECORD
  5
10000457
102
{ACAD_REACTORS
330
10000456
102
}
330
10000456
100
AcDbXrecord
1000
SfGpM
  0
XRECORD
  5
10000458
102
{ACAD_REACTORS
330
10000456
102
}
330
10000456
100
AcDbXrecord
1000
SfGDE
  0
XRECORD
  5
1000045B
102
{ACAD_REACTORS
330
1000045A
102
}
330
1000045A
100
AcDbXrecord
1000
SfGtM
  0
XRECORD
  5
1000045C
102
{ACAD_REACTORS
330
1000045A
102
}
330
1000045A
100
AcDbXrecord
1000
SfGHE
  0
XRECORD
  5
1000045F
102
{ACAD_REACTORS
330
1000045E
102
}
330
1000045E
100
AcDbXrecord
1000
SfG5M
  0
XRECORD
  5
10000460
102
{ACAD_REACTORS
330
1000045E
102
}
330
1000045E
100
AcDbXrecord
1000
SfGTE
  0
XRECORD
  5
10000463
102
{ACAD_REACTORS
330
10000462
102
}
330
10000462
100
AcDbXrecord
1000
SfGlN
  0
XRECORD
  5
10000464
102
{ACAD_REACTORS
330
10000462
102
}
330
10000462
100
AcDbXrecord
1000
SfGXR
  0
XRECORD
  5
10000467
102
{ACAD_REACTORS
330
10000466
102
}
330
10000466
100
AcDbXrecord
1000
SfGVC
  0
XRECORD
  5
10000468
102
{ACAD_REACTORS
330
10000466
102
}
330
10000466
100
AcDbXrecord
1000
SfGbK
  0
XRECORD
  5
1000046B
102
{ACAD_REACTORS
330
1000046A
102
}
330
1000046A
100
AcDbXrecord
1000
SfG9M
  0
XRECORD
  5
1000046C
102
{ACAD_REACTORS
330
1000046A
102
}
330
1000046A
100
AcDbXrecord
1000
SfGXE
  0
XRECORD
  5
1000046F
102
{ACAD_REACTORS
330
1000046E
102
}
330
1000046E
100
AcDbXrecord
1000
SfGBR
  0
XRECORD
  5
10000470
102
{ACAD_REACTORS
330
1000046E
102
}
330
1000046E
100
AcDbXrecord
1000
SfGfU
  0
XRECORD
  5
10000473
102
{ACAD_REACTORS
330
10000472
102
}
330
10000472
100
AcDbXrecord
1000
SfGFN
  0
XRECORD
  5
10000474
102
{ACAD_REACTORS
330
10000472
102
}
330
10000472
100
AcDbXrecord
1000
SfGbE
  0
XRECORD
  5
10000477
102
{ACAD_REACTORS
330
10000476
102
}
330
10000476
100
AcDbXrecord
1000
SfGJN
  0
XRECORD
  5
10000478
102
{ACAD_REACTORS
330
10000476
102
}
330
10000476
100
AcDbXrecord
1000
SfGTR
  0
XRECORD
  5
1000047B
102
{ACAD_REACTORS
330
1000047A
102
}
330
1000047A
100
AcDbXrecord
1000
SfGRM
  0
XRECORD
  5
1000047C
102
{ACAD_REACTORS
330
1000047A
102
}
330
1000047A
100
AcDbXrecord
1000
SfG/Q
  0
XRECORD
  5
1000047F
102
{ACAD_REACTORS
330
1000047E
102
}
330
1000047E
100
AcDbXrecord
1000
SfGNN
  0
XRECORD
  5
10000480
102
{ACAD_REACTORS
330
1000047E
102
}
330
1000047E
100
AcDbXrecord
1000
SfGfE
  0
XRECORD
  5
10000483
102
{ACAD_REACTORS
330
10000482
102
}
330
10000482
100
AcDbXrecord
1000
SfGdN
  0
XRECORD
  5
10000484
102
{ACAD_REACTORS
330
10000482
102
}
330
10000482
100
AcDbXrecord
1000
SfGvE
  0
XRECORD
  5
10000487
102
{ACAD_REACTORS
330
10000486
102
}
330
10000486
100
AcDbXrecord
1000
SfGhO
  0
XRECORD
  5
10000488
102
{ACAD_REACTORS
330
10000486
102
}
330
10000486
100
AcDbXrecord
1000
SfGLS
  0
XRECORD
  5
1000048B
102
{ACAD_REACTORS
330
1000048A
102
}
330
1000048A
100
AcDbXrecord
1000
SfGpN
  0
XRECORD
  5
1000048C
102
{ACAD_REACTORS
330
1000048A
102
}
330
1000048A
100
AcDbXrecord
1000
SfGbR
  0
XRECORD
  5
1000048F
102
{ACAD_REACTORS
330
1000048E
102
}
330
1000048E
100
AcDbXrecord
1000
SfGtN
  0
XRECORD
  5
10000490
102
{ACAD_REACTORS
330
1000048E
102
}
330
1000048E
100
AcDbXrecord
1000
SfGfR
  0
XRECORD
  5
10000493
102
{ACAD_REACTORS
330
10000492
102
}
330
10000492
100
AcDbXrecord
1000
SfGFS
  0
XRECORD
  5
10000494
102
{ACAD_REACTORS
330
10000492
102
}
330
10000492
100
AcDbXrecord
1000
SfG/F
  0
XRECORD
  5
10000497
102
{ACAD_REACTORS
330
10000496
102
}
330
10000496
100
AcDbXrecord
1000
SfGxN
  0
XRECORD
  5
10000498
102
{ACAD_REACTORS
330
10000496
102
}
330
10000496
100
AcDbXrecord
1000
SfG3E
  0
XRECORD
  5
1000049B
102
{ACAD_REACTORS
330
1000049A
102
}
330
1000049A
100
AcDbXrecord
1000
SfG1N
  0
XRECORD
  5
1000049C
102
{ACAD_REACTORS
330
1000049A
102
}
330
1000049A
100
AcDbXrecord
1000
SfGjR
  0
XRECORD
  5
1000049F
102
{ACAD_REACTORS
330
1000049E
102
}
330
1000049E
100
AcDbXrecord
1000
SfG5N
  0
XRECORD
  5
100004A0
102
{ACAD_REACTORS
330
1000049E
102
}
330
1000049E
100
AcDbXrecord
1000
SfGnR
  0
XRECORD
  5
100004A3
102
{ACAD_REACTORS
330
100004A2
102
}
330
100004A2
100
AcDbXrecord
1000
SfG9N
  0
XRECORD
  5
100004A4
102
{ACAD_REACTORS
330
100004A2
102
}
330
100004A2
100
AcDbXrecord
1000
SfGrR
  0
XRECORD
  5
100004A7
102
{ACAD_REACTORS
330
100004A6
102
}
330
100004A6
100
AcDbXrecord
1000
SfGBO
  0
XRECORD
  5
100004A8
102
{ACAD_REACTORS
330
100004A6
102
}
330
100004A6
100
AcDbXrecord
1000
SfGvR
  0
XRECORD
  5
100004AB
102
{ACAD_REACTORS
330
100004AA
102
}
330
100004AA
100
AcDbXrecord
1000
SfG1F
  0
XRECORD
  5
100004AC
102
{ACAD_REACTORS
330
100004AA
102
}
330
100004AA
100
AcDbXrecord
1000
SfGjB
  0
XRECORD
  5
100004AF
102
{ACAD_REACTORS
330
100004AE
102
}
330
100004AE
100
AcDbXrecord
1000
SfGJO
  0
XRECORD
  5
100004B0
102
{ACAD_REACTORS
330
100004AE
102
}
330
100004AE
100
AcDbXrecord
1000
SfG3R
  0
XRECORD
  5
100004B3
102
{ACAD_REACTORS
330
100004B2
102
}
330
100004B2
100
AcDbXrecord
1000
SfGRO
  0
XRECORD
  5
100004B4
102
{ACAD_REACTORS
330
100004B2
102
}
330
100004B2
100
AcDbXrecord
1000
SfG/R
  0
XRECORD
  5
100004B7
102
{ACAD_REACTORS
330
100004B6
102
}
330
100004B6
100
AcDbXrecord
1000
SfGZO
  0
XRECORD
  5
100004B8
102
{ACAD_REACTORS
330
100004B6
102
}
330
100004B6
100
AcDbXrecord
1000
SfGHS
  0
XRECORD
  5
100004BB
102
{ACAD_REACTORS
330
100004BA
102
}
330
100004BA
100
AcDbXrecord
1000
SfGFO
  0
XRECORD
  5
100004BC
102
{ACAD_REACTORS
330
100004BA
102
}
330
100004BA
100
AcDbXrecord
1000
SfGzR
  0
XRECORD
  5
100004BF
102
{ACAD_REACTORS
330
100004BE
102
}
330
100004BE
100
AcDbXrecord
1000
SfGdO
  0
XRECORD
  5
100004C0
102
{ACAD_REACTORS
330
100004BE
102
}
330
100004BE
100
AcDbXrecord
1000
SfG7E
  0
XRECORD
  5
100004C3
102
{ACAD_REACTORS
330
100004C2
102
}
330
100004C2
100
AcDbXrecord
1000
SfGlO
  0
XRECORD
  5
100004C4
102
{ACAD_REACTORS
330
100004C2
102
}
330
100004C2
100
AcDbXrecord
1000
SfGPS
  0
XRECORD
  5
100004C7
102
{ACAD_REACTORS
330
100004C6
102
}
330
100004C6
100
AcDbXrecord
1000
SfGpO
  0
XRECORD
  5
100004C8
102
{ACAD_REACTORS
330
100004C6
102
}
330
100004C6
100
AcDbXrecord
1000
SfGTS
  0
XRECORD
  5
100004CB
102
{ACAD_REACTORS
330
100004CA
102
}
330
100004CA
100
AcDbXrecord
1000
SfGhS
  0
XRECORD
  5
100004CC
102
{ACAD_REACTORS
330
100004CA
102
}
330
100004CA
100
AcDbXrecord
1000
SfGbG
  0
XRECORD
  5
100004CF
102
{ACAD_REACTORS
330
100004CE
102
}
330
100004CE
100
AcDbXrecord
1000
SfGtO
  0
XRECORD
  5
100004D0
102
{ACAD_REACTORS
330
100004CE
102
}
330
100004CE
100
AcDbXrecord
1000
SfGXS
  0
XRECORD
  5
100004D3
102
{ACAD_REACTORS
330
100004D2
102
}
330
100004D2
100
AcDbXrecord
1000
SfGxO
  0
XRECORD
  5
100004D4
102
{ACAD_REACTORS
330
100004D2
102
}
330
100004D2
100
AcDbXrecord
1000
SfGbS
  0
XRECORD
  5
100004D7
102
{ACAD_REACTORS
330
100004D6
102
}
330
100004D6
100
AcDbXrecord
1000
SfG1O
  0
XRECORD
  5
100004D8
102
{ACAD_REACTORS
330
100004D6
102
}
330
100004D6
100
AcDbXrecord
1000
SfGfS
  0
XRECORD
  5
100004DB
102
{ACAD_REACTORS
330
100004DA
102
}
330
100004DA
100
AcDbXrecord
1000
SfG5O
  0
XRECORD
  5
100004DC
102
{ACAD_REACTORS
330
100004DA
102
}
330
100004DA
100
AcDbXrecord
1000
SfGjS
  0
XRECORD
  5
100004DF
102
{ACAD_REACTORS
330
100004DE
102
}
330
100004DE
100
AcDbXrecord
1000
SfGRG
  0
XRECORD
  5
100004E0
102
{ACAD_REACTORS
330
100004DE
102
}
330
100004DE
100
AcDbXrecord
1000
SfG/B
  0
XRECORD
  5
100004E3
102
{ACAD_REACTORS
330
100004E2
102
}
330
100004E2
100
AcDbXrecord
1000
SfGBP
  0
XRECORD
  5
100004E4
102
{ACAD_REACTORS
330
100004E2
102
}
330
100004E2
100
AcDbXrecord
1000
SfGrS
  0
XRECORD
  5
100004E7
102
{ACAD_REACTORS
330
100004E6
102
}
330
100004E6
100
AcDbXrecord
1000
SfGJP
  0
XRECORD
  5
100004E8
102
{ACAD_REACTORS
330
100004E6
102
}
330
100004E6
100
AcDbXrecord
1000
SfGzS
  0
XRECORD
  5
100004EB
102
{ACAD_REACTORS
330
100004EA
102
}
330
100004EA
100
AcDbXrecord
1000
SfGRP
  0
XRECORD
  5
100004EC
102
{ACAD_REACTORS
330
100004EA
102
}
330
100004EA
100
AcDbXrecord
1000
SfG7S
  0
XRECORD
  5
100004EF
102
{ACAD_REACTORS
330
100004EE
102
}
330
100004EE
100
AcDbXrecord
1000
SfGVP
  0
XRECORD
  5
100004F0
102
{ACAD_REACTORS
330
100004EE
102
}
330
100004EE
100
AcDbXrecord
1000
SfG/S
  0
XRECORD
  5
100004F3
102
{ACAD_REACTORS
330
100004F2
102
}
330
100004F2
100
AcDbXrecord
1000
SfGRR
  0
XRECORD
  5
100004F4
102
{ACAD_REACTORS
330
100004F2
102
}
330
100004F2
100
AcDbXrecord
1000
SfGLF
  0
XRECORD
  5
100004F7
102
{ACAD_REACTORS
330
100004F6
102
}
330
100004F6
100
AcDbXrecord
1000
SfGZP
  0
XRECORD
  5
100004F8
102
{ACAD_REACTORS
330
100004F6
102
}
330
100004F6
100
AcDbXrecord
1000
SfGDT
  0
XRECORD
  5
100004FB
102
{ACAD_REACTORS
330
100004FA
102
}
330
100004FA
100
AcDbXrecord
1000
SfGdP
  0
XRECORD
  5
100004FC
102
{ACAD_REACTORS
330
100004FA
102
}
330
100004FA
100
AcDbXrecord
1000
SfGHT
  0
XRECORD
  5
100004FF
102
{ACAD_REACTORS
330
100004FE
102
}
330
100004FE
100
AcDbXrecord
1000
RfGJ
  0
XRECORD
  5
10000500
102
{ACAD_REACTORS
330
100004FE
102
}
330
100004FE
100
AcDbXrecord
1000
SfGvI
  0
XRECORD
  5
10000503
102
{ACAD_REACTORS
330
10000502
102
}
330
10000502
100
AcDbXrecord
1000
SfG9S
  0
XRECORD
  5
10000504
102
{ACAD_REACTORS
330
10000502
102
}
330
10000502
100
AcDbXrecord
1000
SfG3G
  0
XRECORD
  5
10000507
102
{ACAD_REACTORS
330
10000506
102
}
330
10000506
100
AcDbXrecord
1000
SfGhT
  0
XRECORD
  5
10000508
102
{ACAD_REACTORS
330
10000506
102
}
330
10000506
100
AcDbXrecord
1000
SfGbH
  0
XRECORD
  5
1000050B
102
{ACAD_REACTORS
330
1000050A
102
}
330
1000050A
100
AcDbXrecord
1000
SfGhP
  0
XRECORD
  5
1000050C
102
{ACAD_REACTORS
330
1000050A
102
}
330
1000050A
100
AcDbXrecord
1000
SfGLT
  0
XRECORD
  5
1000050F
102
{ACAD_REACTORS
330
1000050E
102
}
330
1000050E
100
AcDbXrecord
1000
SfGlP
  0
XRECORD
  5
10000510
102
{ACAD_REACTORS
330
1000050E
102
}
330
1000050E
100
AcDbXrecord
1000
SfGPT
  0
XRECORD
  5
10000513
102
{ACAD_REACTORS
330
10000512
102
}
330
10000512
100
AcDbXrecord
1000
SfGpP
  0
XRECORD
  5
10000514
102
{ACAD_REACTORS
330
10000512
102
}
330
10000512
100
AcDbXrecord
1000
SfGTT
  0
XRECORD
  5
10000517
102
{ACAD_REACTORS
330
10000516
102
}
330
10000516
100
AcDbXrecord
1000
SfGtP
  0
XRECORD
  5
10000518
102
{ACAD_REACTORS
330
10000516
102
}
330
10000516
100
AcDbXrecord
1000
SfGXT
  0
XRECORD
  5
1000051B
102
{ACAD_REACTORS
330
1000051A
102
}
330
1000051A
100
AcDbXrecord
1000
SfGtG
  0
XRECORD
  5
1000051C
102
{ACAD_REACTORS
330
1000051A
102
}
330
1000051A
100
AcDbXrecord
1000
SfGbC
  0
XRECORD
  5
1000051F
102
{ACAD_REACTORS
330
1000051E
102
}
330
1000051E
100
AcDbXrecord
1000
SfG5P
  0
XRECORD
  5
10000520
102
{ACAD_REACTORS
330
1000051E
102
}
330
1000051E
100
AcDbXrecord
1000
SfGfT
  0
XRECORD
  5
10000523
102
{ACAD_REACTORS
330
10000522
102
}
330
10000522
100
AcDbXrecord
1000
SfGBQ
  0
XRECORD
  5
10000524
102
{ACAD_REACTORS
330
10000522
102
}
330
10000522
100
AcDbXrecord
1000
SfGnT
  0
XRECORD
  5
10000527
102
{ACAD_REACTORS
330
10000526
102
}
330
10000526
100
AcDbXrecord
1000
SfGJQ
  0
XRECORD
  5
10000528
102
{ACAD_REACTORS
330
10000526
102
}
330
10000526
100
AcDbXrecord
1000
SfGvT
  0
XRECORD
  5
1000052B
102
{ACAD_REACTORS
330
1000052A
102
}
330
1000052A
100
AcDbXrecord
1000
SfGNQ
  0
XRECORD
  5
1000052C
102
{ACAD_REACTORS
330
1000052A
102
}
330
1000052A
100
AcDbXrecord
1000
SfGzT
  0
XRECORD
  5
1000052F
102
{ACAD_REACTORS
330
1000052E
102
}
330
1000052E
100
AcDbXrecord
1000
SfGtR
  0
XRECORD
  5
10000530
102
{ACAD_REACTORS
330
1000052E
102
}
330
1000052E
100
AcDbXrecord
1000
SfGnF
  0
XRECORD
  5
10000533
102
{ACAD_REACTORS
330
10000532
102
}
330
10000532
100
AcDbXrecord
1000
SfGRQ
  0
XRECORD
  5
10000534
102
{ACAD_REACTORS
330
10000532
102
}
330
10000532
100
AcDbXrecord
1000
SfG3T
  0
XRECORD
  5
10000537
102
{ACAD_REACTORS
330
10000536
102
}
330
10000536
100
AcDbXrecord
1000
SfGVQ
  0
XRECORD
  5
10000538
102
{ACAD_REACTORS
330
10000536
102
}
330
10000536
100
AcDbXrecord
1000
SfG7T
  0
XRECORD
  5
1000053B
102
{ACAD_REACTORS
330
1000053A
102
}
330
1000053A
100
AcDbXrecord
1000
RfG9
  0
XRECORD
  5
1000053C
102
{ACAD_REACTORS
330
1000053A
102
}
330
1000053A
100
AcDbXrecord
1000
SfGjJ
  0
XRECORD
  5
1000053F
102
{ACAD_REACTORS
330
1000053E
102
}
330
1000053E
100
AcDbXrecord
1000
SfGZT
  0
XRECORD
  5
10000540
102
{ACAD_REACTORS
330
1000053E
102
}
330
1000053E
100
AcDbXrecord
1000
SfGTH
  0
XRECORD
  5
10000543
102
{ACAD_REACTORS
330
10000542
102
}
330
10000542
100
AcDbXrecord
1000
SfG9T
  0
XRECORD
  5
10000544
102
{ACAD_REACTORS
330
10000542
102
}
330
10000542
100
AcDbXrecord
1000
SfG3H
  0
XRECORD
  5
10000547
102
{ACAD_REACTORS
330
10000546
102
}
330
10000546
100
AcDbXrecord
1000
SfGZQ
  0
XRECORD
  5
10000548
102
{ACAD_REACTORS
330
10000546
102
}
330
10000546
100
AcDbXrecord
1000
SfG/T
  0
XRECORD
  5
1000054B
102
{ACAD_REACTORS
330
1000054A
102
}
330
1000054A
100
AcDbXrecord
1000
SfGdQ
  0
XRECORD
  5
1000054C
102
{ACAD_REACTORS
330
1000054A
102
}
330
1000054A
100
AcDbXrecord
1000
SfGDU
  0
XRECORD
  5
1000054F
102
{ACAD_REACTORS
330
1000054E
102
}
330
1000054E
100
AcDbXrecord
1000
SfGhQ
  0
XRECORD
  5
10000550
102
{ACAD_REACTORS
330
1000054E
102
}
330
1000054E
100
AcDbXrecord
1000
SfGHU
  0
XRECORD
  5
10000553
102
{ACAD_REACTORS
330
10000552
102
}
330
10000552
100
AcDbXrecord
1000
SfGVH
  0
XRECORD
  5
10000554
102
{ACAD_REACTORS
330
10000552
102
}
330
10000552
100
AcDbXrecord
1000
SfG3C
  0
XRECORD
  5
10000557
102
{ACAD_REACTORS
330
10000556
102
}
330
10000556
100
AcDbXrecord
1000
SfG1Q
  0
XRECORD
  5
10000558
102
{ACAD_REACTORS
330
10000556
102
}
330
10000556
100
AcDbXrecord
1000
SfGTU
  0
XRECORD
  5
1000055B
102
{ACAD_REACTORS
330
1000055A
102
}
330
1000055A
100
AcDbXrecord
1000
SfG9Q
  0
XRECORD
  5
1000055C
102
{ACAD_REACTORS
330
1000055A
102
}
330
1000055A
100
AcDbXrecord
1000
SfGbU
  0
XRECORD
  5
1000055F
102
{ACAD_REACTORS
330
1000055E
102
}
330
1000055E
100
AcDbXrecord
1000
SfGFR
  0
XRECORD
  5
10000560
102
{ACAD_REACTORS
330
1000055E
102
}
330
1000055E
100
AcDbXrecord
1000
SfGjU
  0
XRECORD
  5
10000563
102
{ACAD_REACTORS
330
10000562
102
}
330
10000562
100
AcDbXrecord
1000
SfGJR
  0
XRECORD
  5
10000564
102
{ACAD_REACTORS
330
10000562
102
}
330
10000562
100
AcDbXrecord
1000
SfGnU
  0
XRECORD
  5
10000567
102
{ACAD_REACTORS
330
10000566
102
}
330
10000566
100
AcDbXrecord
1000
SfGJS
  0
XRECORD
  5
10000568
102
{ACAD_REACTORS
330
10000566
102
}
330
10000566
100
AcDbXrecord
1000
SfGDG
  0
XRECORD
  5
1000056B
102
{ACAD_REACTORS
330
1000056A
102
}
330
1000056A
100
AcDbXrecord
1000
SfGNR
  0
XRECORD
  5
1000056C
102
{ACAD_REACTORS
330
1000056A
102
}
330
1000056A
100
AcDbXrecord
1000
SfGrU
  0
XRECORD
  5
1000056F
102
{ACAD_REACTORS
330
1000056E
102
}
330
1000056E
100
AcDbXrecord
1000
SfGFE
  0
XRECORD
  5
10000570
102
{ACAD_REACTORS
330
1000056E
102
}
330
1000056E
100
AcDbXrecord
1000
SfGDM
  0
XRECORD
  5
10000573
102
{ACAD_REACTORS
330
10000572
102
}
330
10000572
100
AcDbXrecord
1000
SfGVR
  0
XRECORD
  5
10000574
102
{ACAD_REACTORS
330
10000572
102
}
330
10000572
100
AcDbXrecord
1000
SfGPF
  0
XRECORD
  5
10000577
102
{ACAD_REACTORS
330
10000576
102
}
330
10000576
100
AcDbXrecord
1000
SfGZR
  0
XRECORD
  5
10000578
102
{ACAD_REACTORS
330
10000576
102
}
330
10000576
100
AcDbXrecord
1000
SfGTF
  0
XRECORD
  5
1000057B
102
{ACAD_REACTORS
330
1000057A
102
}
330
1000057A
100
AcDbXrecord
1000
SfG9O
  0
XRECORD
  5
1000057C
102
{ACAD_REACTORS
330
1000057A
102
}
330
1000057A
100
AcDbXrecord
1000
SfGnS
  0
XRECORD
  5
1000057F
102
{ACAD_REACTORS
330
1000057E
102
}
330
1000057E
100
AcDbXrecord
1000
SfGdR
  0
XRECORD
  5
10000580
102
{ACAD_REACTORS
330
1000057E
102
}
330
1000057E
100
AcDbXrecord
1000
SfGXF
  0
XRECORD
  5
10000583
102
{ACAD_REACTORS
330
10000582
102
}
330
10000582
100
AcDbXrecord
1000
SfGNF
  0
XRECORD
  5
10000584
102
{ACAD_REACTORS
330
10000582
102
}
330
10000582
100
AcDbXrecord
1000
SfG3M
  0
XRECORD
  5
10000587
102
{ACAD_REACTORS
330
10000586
102
}
330
10000586
100
AcDbXrecord
1000
SfGxR
  0
XRECORD
  5
10000588
102
{ACAD_REACTORS
330
10000586
102
}
330
10000586
100
AcDbXrecord
1000
SfGrF
  0
XRECORD
  5
1000058B
102
{ACAD_REACTORS
330
1000058A
102
}
330
1000058A
100
AcDbXrecord
1000
SfG1R
  0
XRECORD
  5
1000058C
102
{ACAD_REACTORS
330
1000058A
102
}
330
1000058A
100
AcDbXrecord
1000
SfGvF
  0
XRECORD
  5
1000058F
102
{ACAD_REACTORS
330
1000058E
102
}
330
1000058E
100
AcDbXrecord
1000
SfGxP
  0
XRECORD
  5
10000590
102
{ACAD_REACTORS
330
1000058E
102
}
330
1000058E
100
AcDbXrecord
1000
SfGbT
  0
XRECORD
  5
10000593
102
{ACAD_REACTORS
330
10000592
102
}
330
10000592
100
AcDbXrecord
1000
SfG5R
  0
XRECORD
  5
10000594
102
{ACAD_REACTORS
330
10000592
102
}
330
10000592
100
AcDbXrecord
1000
SfGzF
  0
XRECORD
  5
10000597
102
{ACAD_REACTORS
330
10000596
102
}
330
10000596
100
AcDbXrecord
1000
SfGpI
  0
XRECORD
  5
10000598
102
{ACAD_REACTORS
330
10000596
102
}
330
10000596
100
AcDbXrecord
1000
SfGrN
  0
XRECORD
  5
1000059B
102
{ACAD_REACTORS
330
1000059A
102
}
330
1000059A
100
AcDbXrecord
1000
SfGNS
  0
XRECORD
  5
1000059C
102
{ACAD_REACTORS
330
1000059A
102
}
330
1000059A
100
AcDbXrecord
1000
SfGHG
  0
XRECORD
  5
1000059F
102
{ACAD_REACTORS
330
1000059E
102
}
330
1000059E
100
AcDbXrecord
1000
SfGRS
  0
XRECORD
  5
100005A0
102
{ACAD_REACTORS
330
1000059E
102
}
330
1000059E
100
AcDbXrecord
1000
SfGLG
  0
XRECORD
  5
100005A3
102
{ACAD_REACTORS
330
100005A2
102
}
330
100005A2
100
AcDbXrecord
1000
SfGdJ
  0
XRECORD
  5
100005A4
102
{ACAD_REACTORS
330
100005A2
102
}
330
100005A2
100
AcDbXrecord
1000
SfGfO
  0
XRECORD
  5
100005A7
102
{ACAD_REACTORS
330
100005A6
102
}
330
100005A6
100
AcDbXrecord
1000
SfGpS
  0
XRECORD
  5
100005A8
102
{ACAD_REACTORS
330
100005A6
102
}
330
100005A6
100
AcDbXrecord
1000
SfGjG
  0
XRECORD
  5
100005AB
102
{ACAD_REACTORS
330
100005AA
102
}
330
100005AA
100
AcDbXrecord
1000
SfGtS
  0
XRECORD
  5
100005AC
102
{ACAD_REACTORS
330
100005AA
102
}
330
100005AA
100
AcDbXrecord
1000
SfGnG
  0
XRECORD
  5
100005AF
102
{ACAD_REACTORS
330
100005AE
102
}
330
100005AE
100
AcDbXrecord
1000
SfGBT
  0
XRECORD
  5
100005B0
102
{ACAD_REACTORS
330
100005AE
102
}
330
100005AE
100
AcDbXrecord
1000
SfG7G
  0
XRECORD
  5
100005B3
102
{ACAD_REACTORS
330
100005B2
102
}
330
100005B2
100
AcDbXrecord
1000
SfGRK
  0
XRECORD
  5
100005B4
102
{ACAD_REACTORS
330
100005B2
102
}
330
100005B2
100
AcDbXrecord
1000
SfGTP
  0
XRECORD
  5
100005B7
102
{ACAD_REACTORS
330
100005B6
102
}
330
100005B6
100
AcDbXrecord
1000
SfGFT
  0
XRECORD
  5
100005B8
102
{ACAD_REACTORS
330
100005B6
102
}
330
100005B6
100
AcDbXrecord
1000
SfG/G
  0
XRECORD
  5
100005BB
102
{ACAD_REACTORS
330
100005BA
102
}
330
100005BA
100
AcDbXrecord
1000
SfGJT
  0
XRECORD
  5
100005BC
102
{ACAD_REACTORS
330
100005BA
102
}
330
100005BA
100
AcDbXrecord
1000
SfGDH
  0
XRECORD
  5
100005BF
102
{ACAD_REACTORS
330
100005BE
102
}
330
100005BE
100
AcDbXrecord
1000
SfGlT
  0
XRECORD
  5
100005C0
102
{ACAD_REACTORS
330
100005BE
102
}
330
100005BE
100
AcDbXrecord
1000
SfGfH
  0
XRECORD
  5
100005C3
102
{ACAD_REACTORS
330
100005C2
102
}
330
100005C2
100
AcDbXrecord
1000
SfGpT
  0
XRECORD
  5
100005C4
102
{ACAD_REACTORS
330
100005C2
102
}
330
100005C2
100
AcDbXrecord
1000
SfGjH
  0
MATERIAL
  5
45
102
{ACAD_REACTORS
330
43
102
}
102
{ACAD_XDICTIONARY
360
100005FA
102
}
330
43
100
AcDbMaterial
  1
BYBLOCK
  0
MATERIAL
  5
44
102
{ACAD_REACTORS
330
43
102
}
102
{ACAD_XDICTIONARY
360
100005F8
102
}
330
43
100
AcDbMaterial
  1
BYLAYER
  0
MATERIAL
  5
46
102
{ACAD_REACTORS
330
43
102
}
102
{ACAD_XDICTIONARY
360
100005FC
102
}
330
43
100
AcDbMaterial
  1
GLOBAL
  0
ACAD_PROXY_OBJECT
  5
5C
102
{ACAD_REACTORS
330
5B
102
}
330
5B
100
AcDbProxyObject
 90
      499
 91
      505
 93
      610
310
40901902A4063FBFFFFFE0000000000000020400000000000020404214DD185B99185C990000000000000104090141901A00000000000004100000000000000041025764000000000000039000
340
14
340
0
340
11
340
0
 94
        0
1001
ACAD_MLEADERVER
1070
     2
  0
MLINESTYLE
  5
18
102
{ACAD_REACTORS
330
17
102
}
330
17
100
AcDbMlineStyle
  2
Standard
 70
     0
  3

 62
   256
 51
90.0
 52
90.0
 71
     2
 49
0.5
 62
   256
  6
BYLAYER
 49
-0.5
 62
   256
  6
BYLAYER
  0
ACAD_PROXY_OBJECT
  5
10000023
102
{ACAD_REACTORS
330
47
102
}
330
47
100
AcDbProxyObject
 90
      499
 91
      503
 93
      121
310
9053130303A310000000000001650100
  0
ACAD_PROXY_OBJECT
  5
1000001D
102
{ACAD_REACTORS
330
47
102
}
330
47
100
AcDbProxyObject
 90
      499
 91
      503
 93
      113
310
90431303A310000000000000910100
  0
ACAD_PROXY_OBJECT
  5
1000001E
102
{ACAD_REACTORS
330
47
102
}
330
47
100
AcDbProxyObject
 90
      499
 91
      503
 93
      113
310
90431323A310000000000000A10100
  0
ACAD_PROXY_OBJECT
  5
1000001F
102
{ACAD_REACTORS
330
47
102
}
330
47
100
AcDbProxyObject
 90
      499
 91
      503
 93
      113
310
90431363A310000000000000C10100
  0
ACAD_PROXY_OBJECT
  5
10000006
102
{ACAD_REACTORS
330
47
102
}
330
47
100
AcDbProxyObject
 90
      499
 91
      503
 93
       41
310
903313A31500
  0
ACAD_PROXY_OBJECT
  5
1000000D
102
{ACAD_REACTORS
330
47
102
}
330
47
100
AcDbProxyObject
 90
      499
 91
      503
 93
      113
310
904313A31304000000000000244000
  0
ACAD_PROXY_OBJECT
  5
10000016
102
{ACAD_REACTORS
330
47
102
}
330
47
100
AcDbProxyObject
 90
      499
 91
      503
 93
      121
310
905313A3130304000000000000594000
  0
ACAD_PROXY_OBJECT
  5
1000000E
102
{ACAD_REACTORS
330
47
102
}
330
47
100
AcDbProxyObject
 90
      499
 91
      503
 93
      113
310
904313A31324000000000000284000
  0
ACAD_PROXY_OBJECT
  5
1000000F
102
{ACAD_REACTORS
330
47
102
}
330
47
100
AcDbProxyObject
 90
      499
 91
      503
 93
      113
310
904313A31364000000000000304000
  0
ACAD_PROXY_OBJECT
  5
10000007
102
{ACAD_REACTORS
330
47
102
}
330
47
100
AcDbProxyObject
 90
      499
 91
      503
 93
      105
310
903313A324000000000000004000
  0
ACAD_PROXY_OBJECT
  5
10000010
102
{ACAD_REACTORS
330
47
102
}
330
47
100
AcDbProxyObject
 90
      499
 91
      503
 93
      113
310
904313A32304000000000000344000
  0
ACAD_PROXY_OBJECT
  5
10000011
102
{ACAD_REACTORS
330
47
102
}
330
47
100
AcDbProxyObject
 90
      499
 91
      503
 93
      113
310
904313A32354000000000000394000
  0
ACAD_PROXY_OBJECT
  5
10000008
102
{ACAD_REACTORS
330
47
102
}
330
47
100
AcDbProxyObject
 90
      499
 91
      503
 93
      105
310
903313A334000000000000084000
  0
ACAD_PROXY_OBJECT
  5
10000012
102
{ACAD_REACTORS
330
47
102
}
330
47
100
AcDbProxyObject
 90
      499
 91
      503
 93
      113
310
904313A33324000000000000404000
  0
ACAD_PROXY_OBJECT
  5
10000009
102
{ACAD_REACTORS
330
47
102
}
330
47
100
AcDbProxyObject
 90
      499
 91
      503
 93
      105
310
903313A344000000000000104000
  0
ACAD_PROXY_OBJECT
  5
10000013
102
{ACAD_REACTORS
330
47
102
}
330
47
100
AcDbProxyObject
 90
      499
 91
      503
 93
      113
310
904313A34304000000000000444000
  0
ACAD_PROXY_OBJECT
  5
1000000A
102
{ACAD_REACTORS
330
47
102
}
330
47
100
AcDbProxyObject
 90
      499
 91
      503
 93
      105
310
903313A354000000000000144000
  0
ACAD_PROXY_OBJECT
  5
10000014
102
{ACAD_REACTORS
330
47
102
}
330
47
100
AcDbProxyObject
 90
      499
 91
      503
 93
      113
310
904313A35304000000000000494000
  0
ACAD_PROXY_OBJECT
  5
1000000B
102
{ACAD_REACTORS
330
47
102
}
330
47
100
AcDbProxyObject
 90
      499
 91
      503
 93
      105
310
903313A364000000000000184000
  0
ACAD_PROXY_OBJECT
  5
1000000C
102
{ACAD_REACTORS
330
47
102
}
330
47
100
AcDbProxyObject
 90
      499
 91
      503
 93
      105
310
903313A384000000000000204000
  0
ACAD_PROXY_OBJECT
  5
10000015
102
{ACAD_REACTORS
330
47
102
}
330
47
100
AcDbProxyObject
 90
      499
 91
      503
 93
      113
310
904313A38304000000000000544000
  0
ACAD_PROXY_OBJECT
  5
10000020
102
{ACAD_REACTORS
330
47
102
}
330
47
100
AcDbProxyObject
 90
      499
 91
      503
 93
      113
310
90432303A310000000000000D10100
  0
ACAD_PROXY_OBJECT
  5
10000017
102
{ACAD_REACTORS
330
47
102
}
330
47
100
AcDbProxyObject
 90
      499
 91
      503
 93
      105
310
903323A310000000000000010100
  0
ACAD_PROXY_OBJECT
  5
10000021
102
{ACAD_REACTORS
330
47
102
}
330
47
100
AcDbProxyObject
 90
      499
 91
      503
 93
      113
310
90433323A310000000000001010100
  0
ACAD_PROXY_OBJECT
  5
10000018
102
{ACAD_REACTORS
330
47
102
}
330
47
100
AcDbProxyObject
 90
      499
 91
      503
 93
      105
310
903333A310000000000000210100
  0
ACAD_PROXY_OBJECT
  5
10000019
102
{ACAD_REACTORS
330
47
102
}
330
47
100
AcDbProxyObject
 90
      499
 91
      503
 93
      105
310
903343A310000000000000410100
  0
ACAD_PROXY_OBJECT
  5
10000022
102
{ACAD_REACTORS
330
47
102
}
330
47
100
AcDbProxyObject
 90
      499
 91
      503
 93
      113
310
90435303A310000000000001250100
  0
ACAD_PROXY_OBJECT
  5
1000001A
102
{ACAD_REACTORS
330
47
102
}
330
47
100
AcDbProxyObject
 90
      499
 91
      503
 93
      105
310
903353A310000000000000510100
  0
ACAD_PROXY_OBJECT
  5
1000001B
102
{ACAD_REACTORS
330
47
102
}
330
47
100
AcDbProxyObject
 90
      499
 91
      503
 93
      105
310
903363A310000000000000610100
  0
ACAD_PROXY_OBJECT
  5
1000001C
102
{ACAD_REACTORS
330
47
102
}
330
47
100
AcDbProxyObject
 90
      499
 91
      503
 93
      105
310
903383A310000000000000810100
  0
ACAD_PROXY_OBJECT
  5
2F
102
{ACAD_REACTORS
330
2A
102
}
330
2A
100
AcDbProxyObject
 90
      499
 91
      501
 93
      436
310
42CC9915DA5C99599C985B595049028333333333333E33F0000000000000F90107901411070040501600405405064090741402480A0340
1001
ACAD
1000
AcDbSavedByObjectVersion
1070
     0
  0
ACAD_PROXY_OBJECT
  5
32
102
{ACAD_REACTORS
330
2A
102
}
330
2A
100
AcDbProxyObject
 90
      499
 91
      501
 93
      388
310
4150985CDA58D07406404333333333333E33F0000000000000F90107A41107004050150841D405064090741402480A0350
1001
ACAD
1000
AcDbSavedByObjectVersion
1070
     0
  0
ACAD_PROXY_OBJECT
  5
36
102
{ACAD_REACTORS
330
2A
102
}
330
2A
100
AcDbProxyObject
 90
      499
 91
      501
 93
      428
310
42109C9A59DA1D195B90C409028333333333333E33F0000000000000F9010790141107004050150841D405064090741402480A029950
1001
ACAD
1000
AcDbSavedByObjectVersion
1070
     0
  0
ACAD_PROXY_OBJECT
  5
3A
102
{ACAD_REACTORS
330
2A
102
}
330
2A
100
AcDbProxyObject
 90
      499
 91
      501
 93
      452
310
42D0DBDB1BDC90DA185B99D95104090240C333333333333E33F0000000000000F90108901411070040501508421405064090741402480A0350
1001
ACAD
1000
AcDbSavedByObjectVersion
1070
     0
  0
ACAD_PROXY_OBJECT
  5
34
102
{ACAD_REACTORS
330
2A
102
}
330
2A
100
AcDbProxyObject
 90
      499
 91
      501
 93
      500
310
4290DBDB98D95C1D1D585B10940D028333333333333E33F0000000000000F90107902409070040501000000000018199010841D405064090740C02480A0340
1001
ACAD
1000
AcDbSavedByObjectVersion
1070
     0
  0
ACAD_PROXY_OBJECT
  5
35
102
{ACAD_REACTORS
330
2A
102
}
330
2A
100
AcDbProxyObject
 90
      499
 91
      501
 93
      412
310
40D11A5B50B409028333333333333E33F0000000000000F9010790141107004050150841D405064090741402480A02677FFFFFD0
1001
ACAD
1000
AcDbSavedByObjectVersion
1070
     0
  0
ACAD_PROXY_OBJECT
  5
3D
102
{ACAD_REACTORS
330
2A
102
}
330
2A
100
AcDbProxyObject
 90
      499
 91
      501
 93
      452
310
43115919D950DBDB1BDC93D999916409028333333333333E33F0000000000000F9010790141107004050150841D405064090741402480A0350
1001
ACAD
1000
AcDbSavedByObjectVersion
1070
     0
  0
ACAD_PROXY_OBJECT
  5
39
102
{ACAD_REACTORS
330
2A
102
}
330
2A
100
AcDbProxyObject
 90
      499
 91
      501
 93
      444
310
42D19858D95C185D1D195C9B90F409028333333333333E33F0000000000000F9010790141107004050150841D405064090741402480A0350
1001
ACAD
1000
AcDbSavedByObjectVersion
1070
     0
  0
ACAD_PROXY_OBJECT
  5
2B
102
{ACAD_REACTORS
330
2A
102
}
330
2A
100
AcDbProxyObject
 90
      499
 91
      501
 93
      380
310
41119B185D240901404333333333333E33F0000000000000F9010740A907004050150841D405064090741402480A1B50
1001
ACAD
1000
AcDbSavedByObjectVersion
1070
     0
  0
ACAD_PROXY_OBJECT
  5
2C
102
{ACAD_REACTORS
330
2A
102
}
330
2A
100
AcDbProxyObject
 90
      499
 91
      501
 93
      468
310
43519B185D15DA5D1A115919D95CD0140901404333333333333E33F0000000000000F90107409019070040501600405405064090741402480A1B50
1001
ACAD
1000
AcDbSavedByObjectVersion
1070
     0
  0
ACAD_PROXY_OBJECT
  5
2D
102
{ACAD_REACTORS
330
2A
102
}
330
2A
100
AcDbProxyObject
 90
      499
 91
      501
 93
      404
310
41D1DBDD5C985D5910240902404333333333333E33F0000000000000F9010740A9070040501641D405064090741402480A1B50
1001
ACAD
1000
AcDbSavedByObjectVersion
1070
     0
  0
ACAD_PROXY_OBJECT
  5
2E
102
{ACAD_REACTORS
330
2A
102
}
330
2A
100
AcDbProxyObject
 90
      499
 91
      501
 93
      492
310
4411DBDD5C985D5915DA5D1A115919D95CD0340902404333333333333E33F0000000000000F90107409019070040501600405405064090741402480A1B50
1001
ACAD
1000
AcDbSavedByObjectVersion
1070
     0
  0
ACAD_PROXY_OBJECT
  5
31
102
{ACAD_REACTORS
330
2A
102
}
330
2A
100
AcDbProxyObject
 90
      499
 91
      501
 93
      476
310
41921A5919195B90640502408333333333333E33F0000000000000F901079024090700405020000000000001110200405405064090740C02480A0340
1001
ACAD
1000
AcDbSavedByObjectVersion
1070
     0
  0
ACAD_PROXY_OBJECT
  5
3B
102
{ACAD_REACTORS
330
2A
102
}
330
2A
100
AcDbProxyObject
 90
      499
 91
      501
 93
      428
310
42529A5D1D195C93D999914409028333333333333E33F0000000000000F9010790141107004050150A41D405064090741402480A0350
1001
ACAD
1000
AcDbSavedByObjectVersion
1070
     0
  0
ACAD_PROXY_OBJECT
  5
38
102
{ACAD_REACTORS
330
2A
102
}
330
2A
100
AcDbProxyObject
 90
      499
 91
      501
 93
      444
310
42D31A5B995C185D1D195C9B90E409028333333333333E33F0000000000000F9010790141107004050750841D405064090741402483A0350
1001
ACAD
1000
AcDbSavedByObjectVersion
1070
     0
  0
ACAD_PROXY_OBJECT
  5
3C
102
{ACAD_REACTORS
330
2A
102
}
330
2A
100
AcDbProxyObject
 90
      499
 91
      501
 93
      444
310
42D3DD995C9A185B99D3D999915409028333333333333E33F0000000000000F9010790141107004050150941D405064090741402480A0350
1001
ACAD
1000
AcDbSavedByObjectVersion
1070
     0
  0
ACAD_PROXY_OBJECT
  5
33
102
{ACAD_REACTORS
330
2A
102
}
330
2A
100
AcDbProxyObject
 90
      499
 91
      501
 93
      428
310
425499585B1A5CDD1A58D08409038333333333333E33F0000000000000F9010740A907004050150800405405064090740C02480A1B40
1001
ACAD
1000
AcDbSavedByObjectVersion
1070
     0
  0
ACAD_PROXY_OBJECT
  5
42
102
{ACAD_REACTORS
330
2A
102
}
330
2A
100
AcDbProxyObject
 90
      499
 91
      501
 93
      420
310
4194DA1859195911B40902404333333333333E33F0000000000000F9010740A41107004050150800405405064090840C02480A0B40
1001
ACAD
1000
AcDbSavedByObjectVersion
1070
     0
  0
ACAD_PROXY_OBJECT
  5
41
102
{ACAD_REACTORS
330
2A
102
}
330
2A
100
AcDbProxyObject
 90
      499
 91
      501
 93
      516
310
4454DA18591959081DDA5D1A08195919D95CD1A40902404333333333333E33F0000000000000F901074090142907004050250800405405064090740C02480A0B40
1001
ACAD
1000
AcDbSavedByObjectVersion
1070
     0
  0
ACAD_PROXY_OBJECT
  5
3E
102
{ACAD_REACTORS
330
2A
102
}
330
2A
100
AcDbProxyObject
 90
      499
 91
      501
 93
      532
310
4394DA1859195CC81BD98811DC985E5174090240C333333333333E33F0000000000000F901079024090741D01000000000000111010841D405064090740C02480A0340
1001
ACAD
1000
AcDbSavedByObjectVersion
1070
     0
  0
ACAD_PROXY_OBJECT
  5
3F
102
{ACAD_REACTORS
330
2A
102
}
330
2A
100
AcDbProxyObject
 90
      499
 91
      501
 93
      476
310
41D4DAD95D18DA1E51840502408333333333333E33F0000000000000F901079024090741D01000000000000111010B41D405064090741802480A0340
1001
ACAD
1000
AcDbSavedByObjectVersion
1070
     0
  0
ACAD_PROXY_OBJECT
  5
37
102
{ACAD_REACTORS
330
2A
102
}
330
2A
100
AcDbProxyObject
 90
      499
 91
      501
 93
      412
310
41D51A1A58DAD95B90D409028333333333333E33F0000000000000F9010790141107004050150C41D405064090741402480A0350
1001
ACAD
1000
AcDbSavedByObjectVersion
1070
     0
  0
ACAD_PROXY_OBJECT
  5
30
102
{ACAD_REACTORS
330
2A
102
}
330
2A
100
AcDbProxyObject
 90
      499
 91
      501
 93
      420
310
4255DA5C99599C985B595059028333333333333E33F0000000000000F90107901411070040501600405405064090740C02480A0340
1001
ACAD
1000
AcDbSavedByObjectVersion
1070
     0
  0
ACAD_PROXY_OBJECT
  5
40
102
{ACAD_REACTORS
330
2A
102
}
330
2A
100
AcDbProxyObject
 90
      499
 91
      501
 93
      404
310
41560B54985E51940902404000000000000E03F0000000000000F9010740501907004050150841D405064090740C02480A1B40
1001
ACAD
1000
AcDbSavedByObjectVersion
1070
     0
  0
XRECORD
  5
100005D1
102
{ACAD_REACTORS
330
100005C7
102
}
330
100005C7
100
AcDbXrecord
340
0
  0
XRECORD
  5
100005D0
102
{ACAD_REACTORS
330
100005C7
102
}
330
100005C7
100
AcDbXrecord
 90
        0
  0
XRECORD
  5
100005E7
102
{ACAD_REACTORS
330
100005C7
102
}
330
100005C7
100
AcDbXrecord
1000
DSTYLE
1002
{
1070
   340
340
11
1002
}
  0
XRECORD
  5
100005D2
102
{ACAD_REACTORS
330
100005C7
102
}
330
100005C7
100
AcDbXrecord
  1
{73357433-7978-3776-7635-773170636163}
  0
XRECORD
  5
100005CA
102
{ACAD_REACTORS
330
100005C7
102
}
330
100005C7
100
AcDbXrecord
  1

  0
XRECORD
  5
100005CF
102
{ACAD_REACTORS
330
100005C7
102
}
330
100005C7
100
AcDbXrecord
 90
        4
  0
XRECORD
  5
100005CC
102
{ACAD_REACTORS
330
100005C7
102
}
330
100005C7
100
AcDbXrecord
340
1A
  0
XRECORD
  5
100005CE
102
{ACAD_REACTORS
330
100005C7
102
}
330
100005C7
100
AcDbXrecord
 90
    10781
  0
XRECORD
  5
100005CD
102
{ACAD_REACTORS
330
100005C7
102
}
330
100005C7
100
AcDbXrecord
340
19
  0
XRECORD
  5
100005D4
102
{ACAD_REACTORS
330
100005C7
102
}
330
100005C7
100
AcDbXrecord
 40
0.0
  0
XRECORD
  5
100005D7
102
{ACAD_REACTORS
330
100005C7
102
}
330
100005C7
100
AcDbXrecord
340
0
  0
XRECORD
  5
100005DD
102
{ACAD_REACTORS
330
100005C7
102
}
330
100005C7
100
AcDbXrecord
 10
0.0
 20
0.0
 30
0.0
  0
XRECORD
  5
100005D9
102
{ACAD_REACTORS
330
100005C7
102
}
330
100005C7
100
AcDbXrecord
 10
0.0
 20
0.0
 30
0.0
  0
XRECORD
  5
100005DC
102
{ACAD_REACTORS
330
100005C7
102
}
330
100005C7
100
AcDbXrecord
 10
0.0
 20
0.0
 30
0.0
  0
XRECORD
  5
100005DA
102
{ACAD_REACTORS
330
100005C7
102
}
330
100005C7
100
AcDbXrecord
 10
0.0
 20
0.0
 30
0.0
  0
XRECORD
  5
100005DB
102
{ACAD_REACTORS
330
100005C7
102
}
330
100005C7
100
AcDbXrecord
 10
0.0
 20
0.0
 30
0.0
  0
XRECORD
  5
100005D8
102
{ACAD_REACTORS
330
100005C7
102
}
330
100005C7
100
AcDbXrecord
 10
0.0
 20
0.0
 30
0.0
  0
XRECORD
  5
100005D5
102
{ACAD_REACTORS
330
100005C7
102
}
330
100005C7
100
AcDbXrecord
340
0
  0
XRECORD
  5
100005D6
102
{ACAD_REACTORS
330
100005C7
102
}
330
100005C7
100
AcDbXrecord
 70
     0
  0
XRECORD
  5
100005CB
102
{ACAD_REACTORS
330
100005C7
102
}
330
100005C7
100
AcDbXrecord
  1

  0
XRECORD
  5
100005C8
102
{ACAD_REACTORS
330
100005C7
102
}
330
100005C7
100
AcDbXrecord
 90
        1
  0
XRECORD
  5
100005C9
102
{ACAD_REACTORS
330
100005C7
102
}
330
100005C7
100
AcDbXrecord
 90
       70
  0
XRECORD
  5
100005E0
102
{ACAD_REACTORS
330
100005C7
102
}
330
100005C7
100
AcDbXrecord
340
0
  0
XRECORD
  5
100005E6
102
{ACAD_REACTORS
330
100005C7
102
}
330
100005C7
100
AcDbXrecord
 10
0.0
 20
0.0
 30
0.0
  0
XRECORD
  5
100005E2
102
{ACAD_REACTORS
330
100005C7
102
}
330
100005C7
100
AcDbXrecord
 10
0.0
 20
0.0
 30
0.0
  0
XRECORD
  5
100005E5
102
{ACAD_REACTORS
330
100005C7
102
}
330
100005C7
100
AcDbXrecord
 10
0.0
 20
0.0
 30
0.0
  0
XRECORD
  5
100005E3
102
{ACAD_REACTORS
330
100005C7
102
}
330
100005C7
100
AcDbXrecord
 10
0.0
 20
0.0
 30
0.0
  0
XRECORD
  5
100005E4
102
{ACAD_REACTORS
330
100005C7
102
}
330
100005C7
100
AcDbXrecord
 10
0.0
 20
0.0
 30
0.0
  0
XRECORD
  5
100005E1
102
{ACAD_REACTORS
330
100005C7
102
}
330
100005C7
100
AcDbXrecord
 10
0.0
 20
0.0
 30
0.0
  0
XRECORD
  5
100005DE
102
{ACAD_REACTORS
330
100005C7
102
}
330
100005C7
100
AcDbXrecord
340
0
  0
XRECORD
  5
100005DF
102
{ACAD_REACTORS
330
100005C7
102
}
330
100005C7
100
AcDbXrecord
 70
     0
  0
XRECORD
  5
100005D3
102
{ACAD_REACTORS
330
100005C7
102
}
330
100005C7
100
AcDbXrecord
  1
{FAEB1C32-E019-11D5-929B-00C0DF256EC4}
  0
DICTIONARYVAR
  5
100005F6
102
{ACAD_REACTORS
330
100005E8
102
}
330
100005E8
100
DictionaryVariables
280
     0
  1
1:1
  0
DICTIONARYVAR
  5
100005EF
102
{ACAD_REACTORS
330
100005E8
102
}
330
100005E8
100
DictionaryVariables
280
     0
  1
3.500000
  0
DICTIONARYVAR
  5
100005F0
102
{ACAD_REACTORS
330
100005E8
102
}
330
100005E8
100
DictionaryVariables
280
     0
  1
acadiso.lin
  0
DICTIONARYVAR
  5
100005EA
102
{ACAD_REACTORS
330
100005E8
102
}
330
100005E8
100
DictionaryVariables
280
     0
  1
Standard
  0
DICTIONARYVAR
  5
100005E9
102
{ACAD_REACTORS
330
100005E8
102
}
330
100005E8
100
DictionaryVariables
280
     0
  1
Standard
  0
DICTIONARYVAR
  5
100005F1
102
{ACAD_REACTORS
330
100005E8
102
}
330
100005E8
100
DictionaryVariables
280
     0
  1
2
  0
DICTIONARYVAR
  5
100005F2
102
{ACAD_REACTORS
330
100005E8
102
}
330
100005E8
100
DictionaryVariables
280
     0
  1
1
  0
DICTIONARYVAR
  5
100005F7
102
{ACAD_REACTORS
330
100005E8
102
}
330
100005E8
100
DictionaryVariables
280
     0
  1
1
  0
DICTIONARYVAR
  5
100005EC
102
{ACAD_REACTORS
330
100005E8
102
}
330
100005E8
100
DictionaryVariables
280
     0
  1
80.000000
  0
DICTIONARYVAR
  5
100005EB
102
{ACAD_REACTORS
330
100005E8
102
}
330
100005E8
100
DictionaryVariables
280
     0
  1
5.000000
  0
XRECORD
  5
10000003
102
{ACAD_REACTORS
330
10000001
102
}
330
10000001
100
AcDbXrecord
 70
     4
  0
XRECORD
  5
10000002
102
{ACAD_REACTORS
330
10000001
102
}
330
10000001
100
AcDbXrecord
1040
89.0
  0
ACAD_PROXY_OBJECT
  5
10000005
102
{ACAD_REACTORS
330
10000001
102
}
330
10000001
100
AcDbProxyObject
 90
      499
 91
      509
 93
       34
310
40C8804040
  0
DICTIONARY
  5
100005FA
330
45
100
AcDbDictionary
280
     1
  3
ACAD_XREC_ROUNDTRIP
360
100005FB
  0
DICTIONARY
  5
100005F8
330
44
100
AcDbDictionary
280
     1
  3
ACAD_XREC_ROUNDTRIP
360
100005F9
  0
DICTIONARY
  5
100005FC
330
46
100
AcDbDictionary
280
     1
  3
ACAD_XREC_ROUNDTRIP
360
100005FD
  0
XRECORD
  5
100005FB
102
{ACAD_REACTORS
330
100005FA
102
}
330
100005FA
100
AcDbXrecord
102
MATERIAL
148
0.0
149
0.0
149
0.0
 93
        0
 94
      127
282
     0
 72
     1
 77
     1
171
     1
175
     1
179
     1
273
     0
  0
XRECORD
  5
100005F9
102
{ACAD_REACTORS
330
100005F8
102
}
330
100005F8
100
AcDbXrecord
102
MATERIAL
148
0.0
149
0.0
149
0.0
 93
        0
 94
      127
282
     0
 72
     1
 77
     1
171
     1
175
     1
179
     1
273
     0
  0
XRECORD
  5
100005FD
102
{ACAD_REACTORS
330
100005FC
102
}
330
100005FC
100
AcDbXrecord
102
MATERIAL
148
0.0
149
0.0
149
0.0
 93
        0
 94
      127
282
     0
 72
     1
 77
     1
171
     1
175
     1
179
     1
273
     0
  0
ENDSEC
  0
EOF
